[
    {
        "type": 1,
        "textQue": "Кто был основным вратарём сборной России на ЧМ-1994?",
        "slugQue": "flg_russia",
        "comment": "",
        "slugDlg": "flg_russia",
        "slugCorAns": "no_pic",
        "txtCorAns": "Дмитрий Харин",
        "wrSlgAns1": "no_pic",
        "wrTxtAns1": "Руслан Нигматуллин",
        "wrSlgAns2": "no_pic",
        "wrTxtAns2": "Александр Филимонов",
        "wrSlgAns3": "no_pic",
        "wrTxtAns3": "Сергей Овчинников",
        "wrSlgAns4": "no_pic",
        "wrTxtAns4": "Вячеслав Малафеев",
        "wrSlgAns5": "no_pic",
        "wrTxtAns5": "Ринат Дасаев"
    },
    {
        "type": 1,
        "textQue": "Кого из этих футболистов не было в заявке сборной России на ЧМ-2014?",
        "slugQue": "pic_cm2014",
        "comment": "",
        "slugDlg": "pic_cm2014",
        "slugCorAns": "no_pic",
        "txtCorAns": "Роман Широков",
        "wrSlgAns1": "no_pic",
        "wrTxtAns1": "Андрей Семёнов",
        "wrSlgAns2": "no_pic",
        "wrTxtAns2": "Павел Могилевец",
        "wrSlgAns3": "no_pic",
        "wrTxtAns3": "Максим Канунников",
        "wrSlgAns4": "no_pic",
        "wrTxtAns4": "Александр Кокорин",
        "wrSlgAns5": "no_pic",
        "wrTxtAns5": "Андрей Ещенко"
    },
    {
        "type": 1,
        "textQue": "Кто был тренером сборной СССР на ЧЕ-1988?",
        "slugQue": "cup_ce",
        "comment": "",
        "slugDlg": "cup_ce",
        "slugCorAns": "no_pic",
        "txtCorAns": "Валерий Лобановский",
        "wrSlgAns1": "no_pic",
        "wrTxtAns1": "Никита Симонян",
        "wrSlgAns2": "no_pic",
        "wrTxtAns2": "Юрий Морозов",
        "wrSlgAns3": "no_pic",
        "wrTxtAns3": "Анатолий Бышовец",
        "wrSlgAns4": "no_pic",
        "wrTxtAns4": "Александр Пономарёв",
        "wrSlgAns5": "no_pic",
        "wrTxtAns5": "Константин Бесков"
    },
    {
        "type": 1,
        "textQue": "В каком году сборная СССР сыграла свой первый матч?",
        "slugQue": "flg_ussr",
        "comment": "В 1924 году сборная СССР сыграла свой первый официальный матч под патронажем ФИФА. Противник - сборная Турции. Счёт 3:0 в пользу СССР",
        "slugDlg": "flg_ussr",
        "slugCorAns": "no_pic",
        "txtCorAns": 1924,
        "wrSlgAns1": "no_pic",
        "wrTxtAns1": 1930,
        "wrSlgAns2": "no_pic",
        "wrTxtAns2": 1919,
        "wrSlgAns3": "no_pic",
        "wrTxtAns3": 1926,
        "wrSlgAns4": "no_pic",
        "wrTxtAns4": 1946,
        "wrSlgAns5": "no_pic",
        "wrTxtAns5": 1935
    },
    {
        "type": 1,
        "textQue": "Из какого португальского клуба в 2005 году Мигел Данни перешёл в Динамо М?",
        "slugQue": "logo_dinamo",
        "comment": "",
        "slugDlg": "logo_dinamo",
        "slugCorAns": "no_pic",
        "txtCorAns": "Спортинг",
        "wrSlgAns1": "no_pic",
        "wrTxtAns1": "Бенфика",
        "wrSlgAns2": "no_pic",
        "wrTxtAns2": "Порту",
        "wrSlgAns3": "no_pic",
        "wrTxtAns3": "Брага",
        "wrSlgAns4": "no_pic",
        "wrTxtAns4": "Эшторил",
        "wrSlgAns5": "no_pic",
        "wrTxtAns5": "Риу Аве"
    },
    {
        "type": 3,
        "textQue": "Из какого клуба в 2010 году Сейду Думбия перешёл в ЦСКА?",
        "slugQue": "no_pic",
        "comment": "",
        "slugDlg": "logo_cska",
        "slugCorAns": "no_pic",
        "txtCorAns": "Янг Бойз",
        "wrSlgAns1": "no_pic",
        "wrTxtAns1": "Мазембе",
        "wrSlgAns2": "no_pic",
        "wrTxtAns2": "Базель",
        "wrSlgAns3": "no_pic",
        "wrTxtAns3": "Рома",
        "wrSlgAns4": "no_pic",
        "wrTxtAns4": "Рубин",
        "wrSlgAns5": "no_pic",
        "wrTxtAns5": "Арока"
    },
    {
        "type": 3,
        "textQue": "За какой из этих европейских клубов НЕ играл Сергей Юран?",
        "slugQue": "no_pic",
        "comment": "",
        "slugDlg": "flg_russia",
        "slugCorAns": "no_pic",
        "txtCorAns": "Гамбург",
        "wrSlgAns1": "no_pic",
        "wrTxtAns1": "Бенфика",
        "wrSlgAns2": "no_pic",
        "wrTxtAns2": "Порту",
        "wrSlgAns3": "no_pic",
        "wrTxtAns3": "Миллуолл",
        "wrSlgAns4": "no_pic",
        "wrTxtAns4": "Фортуна",
        "wrSlgAns5": "no_pic",
        "wrTxtAns5": "Бохум"
    },
    {
        "type": 1,
        "textQue": "В каком году Лев Яшин получил свой Золотой Мяч?",
        "slugQue": "flg_ussr",
        "comment": "",
        "slugDlg": "flg_ussr",
        "slugCorAns": "no_pic",
        "txtCorAns": 1963,
        "wrSlgAns1": "no_pic",
        "wrTxtAns1": 1960,
        "wrSlgAns2": "no_pic",
        "wrTxtAns2": 1958,
        "wrSlgAns3": "no_pic",
        "wrTxtAns3": 1970,
        "wrSlgAns4": "no_pic",
        "wrTxtAns4": 1972,
        "wrSlgAns5": "no_pic",
        "wrTxtAns5": 1969
    },
    {
        "type": 3,
        "textQue": "За какой из этих европейских клубов играл Игорь Колыванов?",
        "slugQue": "no_pic",
        "comment": "",
        "slugDlg": "flg_russia",
        "slugCorAns": "no_pic",
        "txtCorAns": "Болония",
        "wrSlgAns1": "no_pic",
        "wrTxtAns1": "Манчестер Юнайтед",
        "wrSlgAns2": "no_pic",
        "wrTxtAns2": "Ювентус",
        "wrSlgAns3": "no_pic",
        "wrTxtAns3": "Лацио",
        "wrSlgAns4": "no_pic",
        "wrTxtAns4": "Фиорентина",
        "wrSlgAns5": "no_pic",
        "wrTxtAns5": "Рейнджерс"
    },
    {
        "type": 1,
        "textQue": "Кто является рекордсменом сборной СССР по забитым за неё мячам?",
        "slugQue": "flg_ussr",
        "comment": "",
        "slugDlg": "flg_ussr",
        "slugCorAns": "no_pic",
        "txtCorAns": "Олег Блохин",
        "wrSlgAns1": "no_pic",
        "wrTxtAns1": "Олег Протасов",
        "wrSlgAns2": "no_pic",
        "wrTxtAns2": "Валентин Иванов",
        "wrSlgAns3": "no_pic",
        "wrTxtAns3": "Эдуард Стрельцов",
        "wrSlgAns4": "no_pic",
        "wrTxtAns4": "Виктор Колотов",
        "wrSlgAns5": "no_pic",
        "wrTxtAns5": "Виктор Понедельник"
    },
    {
        "type": 5,
        "textQue": "Воспитанником какого клуба является Дмитрий Комбаров?",
        "slugQue": "no_pic",
        "comment": "",
        "slugDlg": "logo_dinamo",
        "slugCorAns": "logo_dinamo",
        "txtCorAns": "Динамо Москва",
        "wrSlgAns1": "logo_spartak",
        "wrTxtAns1": "Спартак Москва",
        "wrSlgAns2": "logo_cska",
        "wrTxtAns2": "ЦСКА",
        "wrSlgAns3": "logo_lokomotiv",
        "wrTxtAns3": "Локомотив",
        "wrSlgAns4": "logo_zenit",
        "wrTxtAns4": "Зенит",
        "wrSlgAns5": "logo_rubin",
        "wrTxtAns5": "Рубин"
    },
    {
        "type": 1,
        "textQue": "Кому проиграла сборная СССР в финале ЧЕ-1972?",
        "slugQue": "cup_ce",
        "comment": "",
        "slugDlg": "cup_ce",
        "slugCorAns": "no_pic",
        "txtCorAns": "ФРГ",
        "wrSlgAns1": "no_pic",
        "wrTxtAns1": "Венгрия",
        "wrSlgAns2": "no_pic",
        "wrTxtAns2": "Бельгия",
        "wrSlgAns3": "no_pic",
        "wrTxtAns3": "Югославия",
        "wrSlgAns4": "no_pic",
        "wrTxtAns4": "Румыния",
        "wrSlgAns5": "no_pic",
        "wrTxtAns5": "Англия"
    },
    {
        "type": 1,
        "textQue": "Кто из этих российских футболистов подписал «Письмо четырнадцати», не отозвал его и пропустил ЧМ-1994?",
        "slugQue": "flg_russia",
        "comment": "",
        "slugDlg": "flg_russia",
        "slugCorAns": "no_pic",
        "txtCorAns": "Сергей Кирьяков",
        "wrSlgAns1": "no_pic",
        "wrTxtAns1": "Александр Мостовой",
        "wrSlgAns2": "no_pic",
        "wrTxtAns2": "Игорь Шалимов",
        "wrSlgAns3": "no_pic",
        "wrTxtAns3": "Виктор Онопко",
        "wrSlgAns4": "no_pic",
        "wrTxtAns4": "Игорь Добровольский",
        "wrSlgAns5": "no_pic",
        "wrTxtAns5": "Валерий Карпин"
    },
    {
        "type": 1,
        "textQue": "В каком году сборная СССР выиграла молодежный Чемпионат Мира по футболу U-20?",
        "slugQue": "flg_ussr",
        "comment": "",
        "slugDlg": "flg_ussr",
        "slugCorAns": "no_pic",
        "txtCorAns": 1977,
        "wrSlgAns1": "no_pic",
        "wrTxtAns1": 1979,
        "wrSlgAns2": "no_pic",
        "wrTxtAns2": 1981,
        "wrSlgAns3": "no_pic",
        "wrTxtAns3": 1983,
        "wrSlgAns4": "no_pic",
        "wrTxtAns4": 1985,
        "wrSlgAns5": "no_pic",
        "wrTxtAns5": 1987
    },
    {
        "type": 1,
        "textQue": "Какой из этих клубов первым в истории советского футбола вышел в финал еврокубка?",
        "slugQue": "flg_ussr",
        "comment": "В сезоне 1971/72 «Динамо» стало первым клубом из Советского Союза, которому удалось выйти в финал Кубка кубков",
        "slugDlg": "logo_dinamo",
        "slugCorAns": "no_pic",
        "txtCorAns": "Динамо М",
        "wrSlgAns1": "no_pic",
        "wrTxtAns1": "Динамо К",
        "wrSlgAns2": "no_pic",
        "wrTxtAns2": "Спартак М",
        "wrSlgAns3": "no_pic",
        "wrTxtAns3": "Зенит",
        "wrSlgAns4": "no_pic",
        "wrTxtAns4": "Локомотив М",
        "wrSlgAns5": "no_pic",
        "wrTxtAns5": "Шахтёр"
    },
    {
        "type": 1,
        "textQue": "В честь какого выдающегося советского нападающего названа детская клубная академия Факела?",
        "slugQue": "logo_fakel",
        "comment": "Лучший бомбардир клуба",
        "slugDlg": "logo_fakel",
        "slugCorAns": "no_pic",
        "txtCorAns": "Владимир Проскурин",
        "wrSlgAns1": "no_pic",
        "wrTxtAns1": "Лев Яшин",
        "wrSlgAns2": "no_pic",
        "wrTxtAns2": "Вячеслав Борисов",
        "wrSlgAns3": "no_pic",
        "wrTxtAns3": "Евгений Щеголев",
        "wrSlgAns4": "no_pic",
        "wrTxtAns4": "Владимир Янишевский",
        "wrSlgAns5": "no_pic",
        "wrTxtAns5": "Оганез Мхитарян"
    },
    {
        "type": 1,
        "textQue": "С каким из этих клубов Крылья Советов никогда не встречались в рамках еврокубка?",
        "slugQue": "logo_ks",
        "comment": "",
        "slugDlg": "logo_ks",
        "slugCorAns": "no_pic",
        "txtCorAns": "Рейкьявик",
        "wrSlgAns1": "no_pic",
        "wrTxtAns1": "Динабург",
        "wrSlgAns2": "no_pic",
        "wrTxtAns2": "Виллем II",
        "wrSlgAns3": "no_pic",
        "wrTxtAns3": "БАТЭ",
        "wrSlgAns4": "no_pic",
        "wrTxtAns4": "АЗ",
        "wrSlgAns5": "no_pic",
        "wrTxtAns5": "Сент-Патрикс Атлетик"
    },
    {
        "type": 1,
        "textQue": "Какое животное изображено на эмблеме клуба из Саратова?",
        "slugQue": "logo_sokol_t",
        "comment": "",
        "slugDlg": "logo_sokol",
        "slugCorAns": "no_pic",
        "txtCorAns": "Сокол",
        "wrSlgAns1": "no_pic",
        "wrTxtAns1": "Сапсан",
        "wrSlgAns2": "no_pic",
        "wrTxtAns2": "Орёл",
        "wrSlgAns3": "no_pic",
        "wrTxtAns3": "Ястреб",
        "wrSlgAns4": "no_pic",
        "wrTxtAns4": "Коршун",
        "wrSlgAns5": "no_pic",
        "wrTxtAns5": "Беркут"
    },
    {
        "type": 2,
        "textQue": "На каком стадионе находится этот памятник?",
        "slugQue": "std_starostin",
        "comment": "",
        "slugDlg": "std_spartak",
        "slugCorAns": "std_spartak",
        "txtCorAns": "Лукойл Арена",
        "wrSlgAns1": "std_lujniki",
        "wrTxtAns1": "Лужники",
        "wrSlgAns2": "std_nizhnov",
        "wrTxtAns2": "Нижний Новгород",
        "wrSlgAns3": "std_vtb",
        "wrTxtAns3": "ВТБ Арена",
        "wrSlgAns4": "std_krasnodar",
        "wrTxtAns4": "Краснодар",
        "wrSlgAns5": "std_rzd",
        "wrTxtAns5": "РЖД Арена"
    },
    {
        "type": 1,
        "textQue": "Какую олимпийскую сборную по футболу тренировал Юрий Сёмин?",
        "slugQue": "flg_russia",
        "comment": "",
        "slugDlg": "flg_russia",
        "slugCorAns": "no_pic",
        "txtCorAns": "Новая Зеландия",
        "wrSlgAns1": "no_pic",
        "wrTxtAns1": "Австралия",
        "wrSlgAns2": "no_pic",
        "wrTxtAns2": "Андорра",
        "wrSlgAns3": "no_pic",
        "wrTxtAns3": "Индонезия",
        "wrSlgAns4": "no_pic",
        "wrTxtAns4": "Сингапур",
        "wrSlgAns5": "no_pic",
        "wrTxtAns5": "Мадагаскар"
    },
    {
        "type": 1,
        "textQue": "В какому году в Российском футболе ввели лимит на количество легионеров?",
        "slugQue": "flg_russia",
        "comment": "Впервые проблема лимита на легионеров была поднята в стране ещё в 1912 году. Всероссийский футбольный союз принял решение ограничить количество англичан в составах команд до 3 человек.",
        "slugDlg": "flg_russia",
        "slugCorAns": "no_pic",
        "txtCorAns": 1912,
        "wrSlgAns1": "no_pic",
        "wrTxtAns1": 2003,
        "wrSlgAns2": "no_pic",
        "wrTxtAns2": 2010,
        "wrSlgAns3": "no_pic",
        "wrTxtAns3": 2015,
        "wrSlgAns4": "no_pic",
        "wrTxtAns4": 1909,
        "wrSlgAns5": "no_pic",
        "wrTxtAns5": 1950
    },
    {
        "type": 1,
        "textQue": "На какой позиции играл Олег Романцев?",
        "slugQue": "flg_ussr",
        "comment": "",
        "slugDlg": "flg_ussr",
        "slugCorAns": "no_pic",
        "txtCorAns": "Защитник",
        "wrSlgAns1": "no_pic",
        "wrTxtAns1": "Полузащитник",
        "wrSlgAns2": "no_pic",
        "wrTxtAns2": "Вингер",
        "wrSlgAns3": "no_pic",
        "wrTxtAns3": "Центральный нападающий",
        "wrSlgAns4": "no_pic",
        "wrTxtAns4": "Крайний полузащитник",
        "wrSlgAns5": "no_pic",
        "wrTxtAns5": "Вратарь"
    },
    {
        "type": 1,
        "textQue": "В каком году команда СССР впервые приняла участия в Чемпионатах Мира?",
        "slugQue": "flg_ussr",
        "comment": "",
        "slugDlg": "flg_ussr",
        "slugCorAns": "no_pic",
        "txtCorAns": 1958,
        "wrSlgAns1": "no_pic",
        "wrTxtAns1": 1962,
        "wrSlgAns2": "no_pic",
        "wrTxtAns2": 1954,
        "wrSlgAns3": "no_pic",
        "wrTxtAns3": 1950,
        "wrSlgAns4": "no_pic",
        "wrTxtAns4": 1930,
        "wrSlgAns5": "no_pic",
        "wrTxtAns5": 1934
    },
    {
        "type": 1,
        "textQue": "Какой российский футболист становился лучшим бомбардиром Юношеской Лиги Чемпионов?",
        "slugQue": "flg_russia",
        "comment": "",
        "slugDlg": "flg_russia",
        "slugCorAns": "no_pic",
        "txtCorAns": "Иван Игнатьев",
        "wrSlgAns1": "no_pic",
        "wrTxtAns1": "Максим Глушенков",
        "wrSlgAns2": "no_pic",
        "wrTxtAns2": "Александр Кокорин",
        "wrSlgAns3": "no_pic",
        "wrTxtAns3": "Иван Сергеев",
        "wrSlgAns4": "no_pic",
        "wrTxtAns4": "Артём Дзюба",
        "wrSlgAns5": "no_pic",
        "wrTxtAns5": "Арсен Захарян"
    },
    {
        "type": 1,
        "textQue": "С каким счетом сборная СССР проиграла Нидерландам в финале ЧЕ-1988?",
        "slugQue": "cup_ce",
        "comment": "",
        "slugDlg": "cup_ce",
        "slugCorAns": "no_pic",
        "txtCorAns": "0:2",
        "wrSlgAns1": "no_pic",
        "wrTxtAns1": "0:1",
        "wrSlgAns2": "no_pic",
        "wrTxtAns2": "0:3",
        "wrSlgAns3": "no_pic",
        "wrTxtAns3": "1:2",
        "wrSlgAns4": "no_pic",
        "wrTxtAns4": "1:3",
        "wrSlgAns5": "no_pic",
        "wrTxtAns5": "2:3"
    },
    {
        "type": 1,
        "textQue": "Кто этот футболист?",
        "slugQue": "dmah_kagermazov",
        "comment": "Защитник",
        "slugDlg": "dmah_kagermazov",
        "slugCorAns": "no_pic",
        "txtCorAns": "Сослан Кагермазов",
        "wrSlgAns1": "no_pic",
        "wrTxtAns1": "Шамиль Гаджиев",
        "wrSlgAns2": "no_pic",
        "wrTxtAns2": "Абакар Гаджиев",
        "wrSlgAns3": "no_pic",
        "wrTxtAns3": "Залимхан Юсупов",
        "wrSlgAns4": "no_pic",
        "wrTxtAns4": "Сердер Сердеров",
        "wrSlgAns5": "no_pic",
        "wrTxtAns5": "Раджаб Магомедов"
    },
    {
        "type": 1,
        "textQue": "Кто этот футболист?",
        "slugQue": "ks_garre",
        "comment": "Полузащитник",
        "slugDlg": "ks_garre",
        "slugCorAns": "no_pic",
        "txtCorAns": "Бенхамин Гарре",
        "wrSlgAns1": "no_pic",
        "wrTxtAns1": "Гленн Бейл",
        "wrSlgAns2": "no_pic",
        "wrTxtAns2": "Сергей Бабкин",
        "wrSlgAns3": "no_pic",
        "wrTxtAns3": "Роман Ежов",
        "wrSlgAns4": "no_pic",
        "wrTxtAns4": "Франко Орозко",
        "wrSlgAns5": "no_pic",
        "wrTxtAns5": "Денис Якуба"
    },
    {
        "type": 1,
        "textQue": "Кто этот футболист?",
        "slugQue": "akh_berisha",
        "comment": "Полузащитник",
        "slugDlg": "akh_berisha",
        "slugCorAns": "no_pic",
        "txtCorAns": "Бернард Бериша",
        "wrSlgAns1": "no_pic",
        "wrTxtAns1": "Милош Шатара",
        "wrSlgAns2": "no_pic",
        "wrTxtAns2": "Лукас Ловат",
        "wrSlgAns3": "no_pic",
        "wrTxtAns3": "Надер Гандри",
        "wrSlgAns4": "no_pic",
        "wrTxtAns4": "Мирослав Богосавац",
        "wrSlgAns5": "no_pic",
        "wrTxtAns5": "Арсен Адамов"
    },
    {
        "type": 1,
        "textQue": "Кто этот футболист?",
        "slugQue": "ks_evgenev",
        "comment": "Защитник",
        "slugDlg": "ks_evgenev",
        "slugCorAns": "no_pic",
        "txtCorAns": "Роман Евгеньев",
        "wrSlgAns1": "no_pic",
        "wrTxtAns1": "Алексей Лысов",
        "wrSlgAns2": "no_pic",
        "wrTxtAns2": "Илья Гапонов",
        "wrSlgAns3": "no_pic",
        "wrTxtAns3": "Иван Бобер",
        "wrSlgAns4": "no_pic",
        "wrTxtAns4": "Максим Витюгов",
        "wrSlgAns5": "no_pic",
        "wrTxtAns5": "Артем Соколов"
    },
    {
        "type": 1,
        "textQue": "Кто этот футболист?",
        "slugQue": "akh_lovat",
        "comment": "Защитник",
        "slugDlg": "akh_lovat",
        "slugCorAns": "no_pic",
        "txtCorAns": "Лукас Ловат",
        "wrSlgAns1": "no_pic",
        "wrTxtAns1": "Бернард Бериша",
        "wrSlgAns2": "no_pic",
        "wrTxtAns2": "Милош Шатара",
        "wrSlgAns3": "no_pic",
        "wrTxtAns3": "Лечи Садулаев",
        "wrSlgAns4": "no_pic",
        "wrTxtAns4": "Гамид Агаларов",
        "wrSlgAns5": "no_pic",
        "wrTxtAns5": "Сердер Сердеров"
    },
    {
        "type": 1,
        "textQue": "Кто этот футболист?",
        "slugQue": "fk_sele",
        "comment": "Полузащитник",
        "slugDlg": "fk_sele",
        "slugCorAns": "no_pic",
        "txtCorAns": "Табо Селе",
        "wrSlgAns1": "no_pic",
        "wrTxtAns1": "Зе Турбо",
        "wrSlgAns2": "no_pic",
        "wrTxtAns2": "Умар Сако",
        "wrSlgAns3": "no_pic",
        "wrTxtAns3": "Виктор Мендес",
        "wrSlgAns4": "no_pic",
        "wrTxtAns4": "Мойзес Барбоса",
        "wrSlgAns5": "no_pic",
        "wrTxtAns5": "Мохамед Брахими"
    },
    {
        "type": 1,
        "textQue": "Чья эта эмблема?",
        "slugQue": "logo_torpedo_vla_t",
        "comment": "",
        "slugDlg": "logo_torpedo_vla",
        "slugCorAns": "no_pic",
        "txtCorAns": "Торпедо Владимир",
        "wrSlgAns1": "no_pic",
        "wrTxtAns1": "Тверь",
        "wrSlgAns2": "no_pic",
        "wrTxtAns2": "Луки-Энергия Великие Луки",
        "wrSlgAns3": "no_pic",
        "wrTxtAns3": "Звезда Санкт-Петербург",
        "wrSlgAns4": "no_pic",
        "wrTxtAns4": "Зенит Пенза",
        "wrSlgAns5": "no_pic",
        "wrTxtAns5": "Космос Долгопрудный"
    },
    {
        "type": 1,
        "textQue": "Чья эта эмблема?",
        "slugQue": "logo_tver_t",
        "comment": "",
        "slugDlg": "logo_tver",
        "slugCorAns": "no_pic",
        "txtCorAns": "Тверь",
        "wrSlgAns1": "no_pic",
        "wrTxtAns1": "Луки-Энергия Великие Луки",
        "wrSlgAns2": "no_pic",
        "wrTxtAns2": "Звезда Санкт-Петербург",
        "wrSlgAns3": "no_pic",
        "wrTxtAns3": "Зенит Пенза",
        "wrSlgAns4": "no_pic",
        "wrTxtAns4": "Космос Долгопрудный",
        "wrSlgAns5": "no_pic",
        "wrTxtAns5": "Композит Павловский Посад"
    },
    {
        "type": 1,
        "textQue": "Чья эта эмблема?",
        "slugQue": "logo_luki_t",
        "comment": "",
        "slugDlg": "logo_luki",
        "slugCorAns": "no_pic",
        "txtCorAns": "Луки-Энергия Великие Луки",
        "wrSlgAns1": "no_pic",
        "wrTxtAns1": "Звезда Санкт-Петербург",
        "wrSlgAns2": "no_pic",
        "wrTxtAns2": "Зенит Пенза",
        "wrSlgAns3": "no_pic",
        "wrTxtAns3": "Космос Долгопрудный",
        "wrSlgAns4": "no_pic",
        "wrTxtAns4": "Композит Павловский Посад",
        "wrSlgAns5": "no_pic",
        "wrTxtAns5": "Сахалин Южно-Сахалинск"
    },
    {
        "type": 1,
        "textQue": "Чья эта эмблема?",
        "slugQue": "logo_zvezda_spb_t",
        "comment": "",
        "slugDlg": "logo_zvezda_spb",
        "slugCorAns": "no_pic",
        "txtCorAns": "Звезда Санкт-Петербург",
        "wrSlgAns1": "no_pic",
        "wrTxtAns1": "Зенит Пенза",
        "wrSlgAns2": "no_pic",
        "wrTxtAns2": "Космос Долгопрудный",
        "wrSlgAns3": "no_pic",
        "wrTxtAns3": "Композит Павловский Посад",
        "wrSlgAns4": "no_pic",
        "wrTxtAns4": "Сахалин Южно-Сахалинск",
        "wrSlgAns5": "no_pic",
        "wrTxtAns5": "Спартак Тамбов"
    }
]