[
    {
        "type": 1,
        "textQue": "Кто был основным вратарём сборной России на ЧЕ-2008?",
        "slugQue": "pic_ce2008",
        "comment": "",
        "slugDlg": "cska_akinfeev",
        "slugCorAns": "no_pic",
        "txtCorAns": "Игорь Акинфеев",
        "wrSlgAns1": "no_pic",
        "wrTxtAns1": "Владимир Габулов",
        "wrSlgAns2": "no_pic",
        "wrTxtAns2": "Вячеслав Малафеев",
        "wrSlgAns3": "no_pic",
        "wrTxtAns3": "Сергей Рыжиков",
        "wrSlgAns4": "no_pic",
        "wrTxtAns4": "Руслан Нигматуллин",
        "wrSlgAns5": "no_pic",
        "wrTxtAns5": "Сергей Овчинников"
    },
    {
        "type": 1,
        "textQue": "Кто был тренером сборной России на ЧЕ-2016?",
        "slugQue": "pic_ce2016",
        "comment": "",
        "slugDlg": "cska_sluzky",
        "slugCorAns": "no_pic",
        "txtCorAns": "Леонид Слуцкий",
        "wrSlgAns1": "no_pic",
        "wrTxtAns1": "Дик Адвокат",
        "wrSlgAns2": "no_pic",
        "wrTxtAns2": "Гус Хиддинк",
        "wrSlgAns3": "no_pic",
        "wrTxtAns3": "Станислав Черчесов",
        "wrSlgAns4": "no_pic",
        "wrTxtAns4": "Валерий Карпин",
        "wrSlgAns5": "no_pic",
        "wrTxtAns5": "Фабио Капелло"
    },
    {
        "type": 1,
        "textQue": "С каким клубом играл Зенит в финале Кубка УЕФА 2008?",
        "slugQue": "cup_uefa",
        "comment": "",
        "slugDlg": "cup_uefa",
        "slugCorAns": "no_pic",
        "txtCorAns": "Рейнджерс",
        "wrSlgAns1": "no_pic",
        "wrTxtAns1": "Спортинг",
        "wrSlgAns2": "no_pic",
        "wrTxtAns2": "Селтик",
        "wrSlgAns3": "no_pic",
        "wrTxtAns3": "Бавария",
        "wrSlgAns4": "no_pic",
        "wrTxtAns4": "Байер 04",
        "wrSlgAns5": "no_pic",
        "wrTxtAns5": "Марсель"
    },
    {
        "type": 1,
        "textQue": "Кто из российских футболистов стал лучшим бомбардиром на Евро-2012?",
        "slugQue": "pic_ce2012",
        "comment": "",
        "slugDlg": "cup_ce",
        "slugCorAns": "no_pic",
        "txtCorAns": "Алан Дзагоев",
        "wrSlgAns1": "no_pic",
        "wrTxtAns1": "Андрей Аршавин",
        "wrSlgAns2": "no_pic",
        "wrTxtAns2": "Александр Кержаков",
        "wrSlgAns3": "no_pic",
        "wrTxtAns3": "Павел Погребняк",
        "wrSlgAns4": "no_pic",
        "wrTxtAns4": "Роман Павлюченко",
        "wrSlgAns5": "no_pic",
        "wrTxtAns5": "Марат Измайлов"
    },
    {
        "type": 2,
        "textQue": "На какой арене сборная России провела матч-открытие ЧМ-2018?",
        "slugQue": "pic_wc2018",
        "comment": "",
        "slugDlg": "std_lujniki",
        "slugCorAns": "std_lujniki",
        "txtCorAns": "Лужники",
        "wrSlgAns1": "std_nizhnov",
        "wrTxtAns1": "Нижний Новгород",
        "wrSlgAns2": "std_spartak",
        "wrTxtAns2": "Лукойл Арена",
        "wrSlgAns3": "std_krasnodar",
        "wrTxtAns3": "Краснодар",
        "wrSlgAns4": "std_rzd",
        "wrTxtAns4": "РЖД Арена",
        "wrSlgAns5": "std_vtb",
        "wrTxtAns5": "ВТБ Арена"
    },
    {
        "type": 3,
        "textQue": "За какой из этих европейских клубов играет Алексей Миранчук?",
        "slugQue": "no_pic",
        "comment": "",
        "slugDlg": "flg_russia",
        "slugCorAns": "no_pic",
        "txtCorAns": "Аталанта",
        "wrSlgAns1": "no_pic",
        "wrTxtAns1": "Милан",
        "wrSlgAns2": "no_pic",
        "wrTxtAns2": "Фиорентина",
        "wrSlgAns3": "no_pic",
        "wrTxtAns3": "Наполи",
        "wrSlgAns4": "no_pic",
        "wrTxtAns4": "Торино",
        "wrSlgAns5": "no_pic",
        "wrTxtAns5": "Кальяри"
    },
    {
        "type": 3,
        "textQue": "За какой из этих европейских клубов играл Андрей Канчельскис?",
        "slugQue": "no_pic",
        "comment": "",
        "slugDlg": "flg_russia",
        "slugCorAns": "no_pic",
        "txtCorAns": "Манчестер Юнайтед",
        "wrSlgAns1": "no_pic",
        "wrTxtAns1": "Тоттенхэм",
        "wrSlgAns2": "no_pic",
        "wrTxtAns2": "Арсенал",
        "wrSlgAns3": "no_pic",
        "wrTxtAns3": "Ливерпуль",
        "wrSlgAns4": "no_pic",
        "wrTxtAns4": "Челси",
        "wrSlgAns5": "no_pic",
        "wrTxtAns5": "Ньюкасл"
    },
    {
        "type": 5,
        "textQue": "Воспитанником какого клуба является Роман Широков?",
        "slugQue": "no_pic",
        "comment": "",
        "slugDlg": "logo_cska",
        "slugCorAns": "logo_cska",
        "txtCorAns": "ЦСКА",
        "wrSlgAns1": "logo_spartak",
        "wrTxtAns1": "Спартак Москва",
        "wrSlgAns2": "logo_dinamo",
        "wrTxtAns2": "Динамо Москва",
        "wrSlgAns3": "logo_torpedo",
        "wrTxtAns3": "Торпедо Москва",
        "wrSlgAns4": "logo_zenit",
        "wrTxtAns4": "Зенит",
        "wrSlgAns5": "logo_lokomotiv",
        "wrTxtAns5": "Локомотив"
    },
    {
        "type": 1,
        "textQue": "Какой китайский клуб сейчас тренирует Леонид Слуцкий?",
        "slugQue": "cska_sluzky",
        "comment": "",
        "slugDlg": "cska_sluzky",
        "slugCorAns": "no_pic",
        "txtCorAns": "Шанхай Шэньхуа",
        "wrSlgAns1": "no_pic",
        "wrTxtAns1": "Бэйцзин Гоань",
        "wrSlgAns2": "no_pic",
        "wrTxtAns2": "Шаньдун Тайшань",
        "wrSlgAns3": "no_pic",
        "wrTxtAns3": "Шанхай Порт",
        "wrSlgAns4": "no_pic",
        "wrTxtAns4": "Ухань Фри Таунс",
        "wrSlgAns5": "no_pic",
        "wrTxtAns5": "Чэнду Жунчэн"
    },
    {
        "type": 1,
        "textQue": "В каком году в Москве проходил финал Лиги Чемпионов?",
        "slugQue": "logo_lc",
        "comment": "",
        "slugDlg": "logo_lc",
        "slugCorAns": "no_pic",
        "txtCorAns": 2008,
        "wrSlgAns1": "no_pic",
        "wrTxtAns1": 2009,
        "wrSlgAns2": "no_pic",
        "wrTxtAns2": 2010,
        "wrSlgAns3": "no_pic",
        "wrTxtAns3": 2011,
        "wrSlgAns4": "no_pic",
        "wrTxtAns4": 2012,
        "wrSlgAns5": "no_pic",
        "wrTxtAns5": 2013
    },
    {
        "type": 4,
        "textQue": "Сколько звезд на эмблеме Спартака?",
        "slugQue": "no_pic",
        "comment": "",
        "slugDlg": "logo_spartak",
        "slugCorAns": "num_4",
        "txtCorAns": 4,
        "wrSlgAns1": "num_2",
        "wrTxtAns1": 2,
        "wrSlgAns2": "num_1",
        "wrTxtAns2": 1,
        "wrSlgAns3": "num_3",
        "wrTxtAns3": 3,
        "wrSlgAns4": "num_5",
        "wrTxtAns4": 5,
        "wrSlgAns5": "num_6",
        "wrTxtAns5": 6
    },
    {
        "type": 1,
        "textQue": "Какой главный тренер Спартака сказал легендарную фразу \"Фалькао, ###, к нам не поедет\"?",
        "slugQue": "logo_spartak",
        "comment": "Фраза из разговора с болельщиками после поражения от Порту с общим счетом 10:3",
        "slugDlg": "ro_karpin",
        "slugCorAns": "no_pic",
        "txtCorAns": "Валерий Карпин",
        "wrSlgAns1": "no_pic",
        "wrTxtAns1": "Руй Витория",
        "wrSlgAns2": "no_pic",
        "wrTxtAns2": "Унаи Эмери",
        "wrSlgAns3": "no_pic",
        "wrTxtAns3": "Мурат Якин",
        "wrSlgAns4": "no_pic",
        "wrTxtAns4": "Массимо Каррера ",
        "wrSlgAns5": "no_pic",
        "wrTxtAns5": "Олег Романцев"
    },
    {
        "type": 1,
        "textQue": "Кто был первым иностранным тренером в российской истории Спартака?",
        "slugQue": "logo_spartak",
        "comment": "",
        "slugDlg": "logo_spartak",
        "slugCorAns": "no_pic",
        "txtCorAns": "Невио Скала",
        "wrSlgAns1": "no_pic",
        "wrTxtAns1": "Александр Старков",
        "wrSlgAns2": "no_pic",
        "wrTxtAns2": "Микаэль Лаудруп",
        "wrSlgAns3": "no_pic",
        "wrTxtAns3": "Унаи Эмери",
        "wrSlgAns4": "no_pic",
        "wrTxtAns4": "Дмитрий Гунько",
        "wrSlgAns5": "no_pic",
        "wrTxtAns5": "Мурат Якин"
    },
    {
        "type": 3,
        "textQue": "На побережье какого \"моря\" находится Махачкала?",
        "slugQue": "no_pic",
        "comment": "",
        "slugDlg": "pic_maprus",
        "slugCorAns": "no_pic",
        "txtCorAns": "Каспийского",
        "wrSlgAns1": "no_pic",
        "wrTxtAns1": "Черного",
        "wrSlgAns2": "no_pic",
        "wrTxtAns2": "Средиземного",
        "wrSlgAns3": "no_pic",
        "wrTxtAns3": "Азовского",
        "wrSlgAns4": "no_pic",
        "wrTxtAns4": "Балтийского",
        "wrSlgAns5": "no_pic",
        "wrTxtAns5": "Белое"
    },
    {
        "type": 1,
        "textQue": "Из какого российского города Крылья Советов?",
        "slugQue": "logo_ks",
        "comment": "",
        "slugDlg": "logo_ks",
        "slugCorAns": "no_pic",
        "txtCorAns": "Самара",
        "wrSlgAns1": "no_pic",
        "wrTxtAns1": "Саратов",
        "wrSlgAns2": "no_pic",
        "wrTxtAns2": "Волгоград",
        "wrSlgAns3": "no_pic",
        "wrTxtAns3": "Тольятти",
        "wrSlgAns4": "no_pic",
        "wrTxtAns4": "Казань",
        "wrSlgAns5": "no_pic",
        "wrTxtAns5": "Москва"
    },
    {
        "type": 1,
        "textQue": "Кто из этих известных футболистов играл за Факел?",
        "slugQue": "logo_fakel",
        "comment": "",
        "slugDlg": "ro_karpin",
        "slugCorAns": "no_pic",
        "txtCorAns": "Валерий Карпин",
        "wrSlgAns1": "no_pic",
        "wrTxtAns1": "Александр Мостовой",
        "wrSlgAns2": "no_pic",
        "wrTxtAns2": "Андрей Тихонов",
        "wrSlgAns3": "no_pic",
        "wrTxtAns3": "Егор Титов",
        "wrSlgAns4": "no_pic",
        "wrTxtAns4": "Дмитрий Аленичев",
        "wrSlgAns5": "no_pic",
        "wrTxtAns5": "Олег Саматов"
    },
    {
        "type": 1,
        "textQue": "Кто был президентом клуба Локомотив с 2010 по 2016 год?",
        "slugQue": "logo_lokomotiv",
        "comment": "",
        "slugDlg": "logo_lokomotiv",
        "slugCorAns": "no_pic",
        "txtCorAns": " Ольга Смородская",
        "wrSlgAns1": "no_pic",
        "wrTxtAns1": " Илья Геркус",
        "wrSlgAns2": "no_pic",
        "wrTxtAns2": "Василий Кикнадзе",
        "wrSlgAns3": "no_pic",
        "wrTxtAns3": " Владимир Леонченко",
        "wrSlgAns4": "no_pic",
        "wrTxtAns4": "Юрий Сёмин",
        "wrSlgAns5": "no_pic",
        "wrTxtAns5": " Николай Наумов"
    },
    {
        "type": 1,
        "textQue": "Какая известная группа исполнила песню \"Мы верим в Зенит\"?",
        "slugQue": "logo_zenit",
        "comment": "",
        "slugDlg": "logo_zenit",
        "slugCorAns": "no_pic",
        "txtCorAns": "Король и шут",
        "wrSlgAns1": "no_pic",
        "wrTxtAns1": "Сектор газа",
        "wrSlgAns2": "no_pic",
        "wrTxtAns2": "Ленинград",
        "wrSlgAns3": "no_pic",
        "wrTxtAns3": "Ария",
        "wrSlgAns4": "no_pic",
        "wrTxtAns4": "Кино",
        "wrSlgAns5": "no_pic",
        "wrTxtAns5": "Би-2"
    },
    {
        "type": 1,
        "textQue": "Какую форму имеет башня на домашнем стадионе ЦСКА?",
        "slugQue": "std_cska_veb",
        "comment": "",
        "slugDlg": "std_cska_veb",
        "slugCorAns": "no_pic",
        "txtCorAns": "Кубка УЕФА",
        "wrSlgAns1": "no_pic",
        "wrTxtAns1": "Кубка Лиги Чемпионов",
        "wrSlgAns2": "no_pic",
        "wrTxtAns2": "Кубка Чемпионата Мира",
        "wrSlgAns3": "no_pic",
        "wrTxtAns3": "Кубка России",
        "wrSlgAns4": "no_pic",
        "wrTxtAns4": "Кубка Евро",
        "wrSlgAns5": "no_pic",
        "wrTxtAns5": "Кубка РПЛ"
    },
    {
        "type": 2,
        "textQue": "Какой из клубов в сезоне 02/03 проиграл все матчи групповой стадии Лиги Чемпионов с общим счетом 1:18?",
        "slugQue": "logo_lc",
        "comment": "",
        "slugDlg": "logo_spartak",
        "slugCorAns": "logo_spartak",
        "txtCorAns": "Спартак Москва",
        "wrSlgAns1": "logo_cska",
        "wrTxtAns1": "ЦСКА",
        "wrSlgAns2": "logo_zenit",
        "wrTxtAns2": "Зенит",
        "wrSlgAns3": "logo_lokomotiv",
        "wrTxtAns3": "Локомотив",
        "wrSlgAns4": "logo_rubin",
        "wrTxtAns4": "Рубин",
        "wrSlgAns5": "logo_dinamo",
        "wrTxtAns5": "Динамо Москва"
    },
    {
        "type": 1,
        "textQue": "Какой тренер побеждал в чемпионате России с двумя разными клубами?",
        "slugQue": "logo_rpl",
        "comment": "",
        "slugDlg": "cska_gazzaev",
        "slugCorAns": "no_pic",
        "txtCorAns": "Валерий Газзаев",
        "wrSlgAns1": "no_pic",
        "wrTxtAns1": "Олег Романцев",
        "wrSlgAns2": "no_pic",
        "wrTxtAns2": "Сергей Семак",
        "wrSlgAns3": "no_pic",
        "wrTxtAns3": "Юрий Сёмин",
        "wrSlgAns4": "no_pic",
        "wrTxtAns4": "Леонид Слуцкий",
        "wrSlgAns5": "no_pic",
        "wrTxtAns5": "Курбан Бердыев"
    },
    {
        "type": 3,
        "textQue": "Кто является автором этой смешной фразы \"Лет ми спик фром май харт\"?",
        "slugQue": "no_pic",
        "comment": "",
        "slugDlg": "flg_russia",
        "slugCorAns": "no_pic",
        "txtCorAns": "Виталий Мутко",
        "wrSlgAns1": "no_pic",
        "wrTxtAns1": "Вячеслав Колосков",
        "wrSlgAns2": "no_pic",
        "wrTxtAns2": "Сергей Прядкин",
        "wrSlgAns3": "no_pic",
        "wrTxtAns3": "Николай Толстых",
        "wrSlgAns4": "no_pic",
        "wrTxtAns4": "Александр Алаев",
        "wrSlgAns5": "no_pic",
        "wrTxtAns5": "Александр Дюков"
    },
    {
        "type": 1,
        "textQue": "Кто был владельцем Анжи, когда в клуб переходили мировые звёзды?",
        "slugQue": "logo_anzhi",
        "comment": "",
        "slugDlg": "logo_anzhi",
        "slugCorAns": "no_pic",
        "txtCorAns": "Сулейман Керимов",
        "wrSlgAns1": "no_pic",
        "wrTxtAns1": "Леонид Михельсон",
        "wrSlgAns2": "no_pic",
        "wrTxtAns2": "Гаврил Юшваев",
        "wrSlgAns3": "no_pic",
        "wrTxtAns3": "Игорь Юсуфов",
        "wrSlgAns4": "no_pic",
        "wrTxtAns4": "Зиявудин Магомедов",
        "wrSlgAns5": "no_pic",
        "wrTxtAns5": "Омари Тетрадзе"
    },
    {
        "type": 4,
        "textQue": "Какое самое высокое место занимала сборная России в рейтинге УЕФА?",
        "slugQue": "no_pic",
        "comment": "",
        "slugDlg": "flg_russia",
        "slugCorAns": "num_3",
        "txtCorAns": 3,
        "wrSlgAns1": "num_2",
        "wrTxtAns1": 2,
        "wrSlgAns2": "num_1",
        "wrTxtAns2": 1,
        "wrSlgAns3": "num_5",
        "wrTxtAns3": 5,
        "wrSlgAns4": "num_7",
        "wrTxtAns4": 7,
        "wrSlgAns5": "num_10",
        "wrTxtAns5": 10
    },
    {
        "type": 1,
        "textQue": "Какой клуб чаще всего выигравал Чемпионат России по футболу среди женщин?",
        "slugQue": "flg_russia",
        "comment": "",
        "slugDlg": "flg_russia",
        "slugCorAns": "no_pic",
        "txtCorAns": "Звезда-2005",
        "wrSlgAns1": "no_pic",
        "wrTxtAns1": "Энергия",
        "wrSlgAns2": "no_pic",
        "wrTxtAns2": "Россиянка",
        "wrSlgAns3": "no_pic",
        "wrTxtAns3": "ЦСК ВВС",
        "wrSlgAns4": "no_pic",
        "wrTxtAns4": "Рязань-ВДВ",
        "wrSlgAns5": "no_pic",
        "wrTxtAns5": "ЦСКА"
    },
    {
        "type": 1,
        "textQue": "Что обещал сделать Валерий Газзаев в честь победы ЦСКА в Кубке УЕФА 2005 и не выполнил?",
        "slugQue": "cup_uefa",
        "comment": "",
        "slugDlg": "cup_uefa",
        "slugCorAns": "no_pic",
        "txtCorAns": "Сбрить усы",
        "wrSlgAns1": "no_pic",
        "wrTxtAns1": "Покрасить волосы",
        "wrSlgAns2": "no_pic",
        "wrTxtAns2": "Завершить карьеру",
        "wrSlgAns3": "no_pic",
        "wrTxtAns3": "Провести эфир в трусах",
        "wrSlgAns4": "no_pic",
        "wrTxtAns4": "Пройти пешком 50км",
        "wrSlgAns5": "no_pic",
        "wrTxtAns5": "Снять клип"
    },
    {
        "type": 1,
        "textQue": "Как зовут главного тренера Спартака?",
        "slugQue": "sm_stankovich",
        "comment": "",
        "slugDlg": "sm_stankovich",
        "slugCorAns": "no_pic",
        "txtCorAns": "Деян Станкович",
        "wrSlgAns1": "no_pic",
        "wrTxtAns1": "Владимир Слишкович",
        "wrSlgAns2": "no_pic",
        "wrTxtAns2": "Доменико Тедеско",
        "wrSlgAns3": "no_pic",
        "wrTxtAns3": "Димитр Димитров",
        "wrSlgAns4": "no_pic",
        "wrTxtAns4": "Владимир Вайсс",
        "wrSlgAns5": "no_pic",
        "wrTxtAns5": "Миодраг Божович"
    },
    {
        "type": 2,
        "textQue": "Какая российская команда в 2018 году обыграла Реал Мадрид со счётом 3:0 в Лиге Чемпионов?",
        "slugQue": "logo_lc",
        "comment": "",
        "slugDlg": "logo_cska",
        "slugCorAns": "logo_cska",
        "txtCorAns": "ЦСКА",
        "wrSlgAns1": "logo_spartak",
        "wrTxtAns1": "Спартак Москва",
        "wrSlgAns2": "logo_dinamo",
        "wrTxtAns2": "Динамо Москва",
        "wrSlgAns3": "logo_rostov",
        "wrTxtAns3": "Ростов",
        "wrSlgAns4": "logo_zenit",
        "wrTxtAns4": "Зенит",
        "wrSlgAns5": "logo_lokomotiv",
        "wrTxtAns5": "Локомотив"
    },
    {
        "type": 1,
        "textQue": "Кто этот футболист?",
        "slugQue": "kr_djupin",
        "comment": "Вратарь",
        "slugDlg": "kr_djupin",
        "slugCorAns": "no_pic",
        "txtCorAns": "Юрий Дюпин",
        "wrSlgAns1": "no_pic",
        "wrTxtAns1": "Станислав Агкацев",
        "wrSlgAns2": "no_pic",
        "wrTxtAns2": "Даниил Голиков",
        "wrSlgAns3": "no_pic",
        "wrTxtAns3": "Михаил Штепа",
        "wrSlgAns4": "no_pic",
        "wrTxtAns4": "Дмитрий Пивоваров",
        "wrSlgAns5": "no_pic",
        "wrTxtAns5": "Александр Черников"
    },
    {
        "type": 1,
        "textQue": "Кто этот футболист?",
        "slugQue": "cska_obljakov",
        "comment": "Полузащитник",
        "slugDlg": "cska_obljakov",
        "slugCorAns": "no_pic",
        "txtCorAns": "Иван Обляков",
        "wrSlgAns1": "no_pic",
        "wrTxtAns1": "Илья Агапов",
        "wrSlgAns2": "no_pic",
        "wrTxtAns2": "Максим Мухин",
        "wrSlgAns3": "no_pic",
        "wrTxtAns3": "Артем Шуманский",
        "wrSlgAns4": "no_pic",
        "wrTxtAns4": "Матвей Кисляк",
        "wrSlgAns5": "no_pic",
        "wrTxtAns5": "Милан Гайич"
    },
    {
        "type": 1,
        "textQue": "Кто этот футболист?",
        "slugQue": "dm_skopintsev",
        "comment": "Защитник",
        "slugDlg": "dm_skopintsev",
        "slugCorAns": "no_pic",
        "txtCorAns": "Дмитрий Скопинцев",
        "wrSlgAns1": "no_pic",
        "wrTxtAns1": "Данил Пруцев",
        "wrSlgAns2": "no_pic",
        "wrTxtAns2": "Павел Мелешин",
        "wrSlgAns3": "no_pic",
        "wrTxtAns3": "Срджан Бабич",
        "wrSlgAns4": "no_pic",
        "wrTxtAns4": "Даниил Уткин",
        "wrSlgAns5": "no_pic",
        "wrTxtAns5": "Михаил Игнатов"
    },
    {
        "type": 1,
        "textQue": "Кто этот футболист?",
        "slugQue": "ro_utkin",
        "comment": "Полузащитник",
        "slugDlg": "ro_utkin",
        "slugCorAns": "no_pic",
        "txtCorAns": "Даниил Уткин",
        "wrSlgAns1": "no_pic",
        "wrTxtAns1": "Давид Семенчук",
        "wrSlgAns2": "no_pic",
        "wrTxtAns2": "Алексей Миронов",
        "wrSlgAns3": "no_pic",
        "wrTxtAns3": "Мохаммад Мохеби",
        "wrSlgAns4": "no_pic",
        "wrTxtAns4": "Константин Кучаев",
        "wrSlgAns5": "no_pic",
        "wrTxtAns5": "Илья Зубенко"
    },
    {
        "type": 1,
        "textQue": "Кто этот футболист?",
        "slugQue": "rk_lomovitskij",
        "comment": "Полузащитник",
        "slugDlg": "rk_lomovitskij",
        "slugCorAns": "no_pic",
        "txtCorAns": "Александр Ломовицкий",
        "wrSlgAns1": "no_pic",
        "wrTxtAns1": "Олег Иванов",
        "wrSlgAns2": "no_pic",
        "wrTxtAns2": "Мирлинд Даку",
        "wrSlgAns3": "no_pic",
        "wrTxtAns3": "Александр Зотов",
        "wrSlgAns4": "no_pic",
        "wrTxtAns4": "Никола Чумич",
        "wrSlgAns5": "no_pic",
        "wrTxtAns5": "Руслан Безруков"
    },
    {
        "type": 1,
        "textQue": "Кто этот футболист?",
        "slugQue": "kr_gazinsky",
        "comment": "Полузащитник",
        "slugDlg": "kr_gazinsky",
        "slugCorAns": "no_pic",
        "txtCorAns": "Юрий Газинский",
        "wrSlgAns1": "no_pic",
        "wrTxtAns1": "Данила Козлов",
        "wrSlgAns2": "no_pic",
        "wrTxtAns2": "Александр Черников",
        "wrSlgAns3": "no_pic",
        "wrTxtAns3": "Александр Кокшаров",
        "wrSlgAns4": "no_pic",
        "wrTxtAns4": "Георгий Арутюнян",
        "wrSlgAns5": "no_pic",
        "wrTxtAns5": "Александр Эктов"
    },
    {
        "type": 1,
        "textQue": "Чья это эмблема?",
        "slugQue": "logo_tambov",
        "comment": "",
        "slugDlg": "logo_tambov",
        "slugCorAns": "no_pic",
        "txtCorAns": "Тамбов",
        "wrSlgAns1": "no_pic",
        "wrTxtAns1": "Звезда Иркутск",
        "wrSlgAns2": "no_pic",
        "wrTxtAns2": "Жемчужина",
        "wrSlgAns3": "no_pic",
        "wrTxtAns3": "Жемчужина",
        "wrSlgAns4": "no_pic",
        "wrTxtAns4": "Тосно",
        "wrSlgAns5": "no_pic",
        "wrTxtAns5": "Уралан"
    },
    {
        "type": 1,
        "textQue": "Чья эта эмблема?",
        "slugQue": "logo_enisey_t",
        "comment": "",
        "slugDlg": "logo_enisey",
        "slugCorAns": "no_pic",
        "txtCorAns": "Енисей Красноярск",
        "wrSlgAns1": "no_pic",
        "wrTxtAns1": "КАМАЗ",
        "wrSlgAns2": "no_pic",
        "wrTxtAns2": "Нефтехимик Нижнекамск",
        "wrSlgAns3": "no_pic",
        "wrTxtAns3": "Родина Москва",
        "wrSlgAns4": "no_pic",
        "wrTxtAns4": "СКА-Хабаровск",
        "wrSlgAns5": "no_pic",
        "wrTxtAns5": "Сокол Саратов"
    },
    {
        "type": 1,
        "textQue": "Чья эта эмблема?",
        "slugQue": "logo_tumen_t",
        "comment": "",
        "slugDlg": "logo_tumen",
        "slugCorAns": "no_pic",
        "txtCorAns": "Тюмень",
        "wrSlgAns1": "no_pic",
        "wrTxtAns1": "Урал Екатеринбург",
        "wrSlgAns2": "no_pic",
        "wrTxtAns2": "Уфа",
        "wrSlgAns3": "no_pic",
        "wrTxtAns3": "Чайка Песчанокопское",
        "wrSlgAns4": "no_pic",
        "wrTxtAns4": "Черноморец Новороссийск",
        "wrSlgAns5": "no_pic",
        "wrTxtAns5": "Шинник Ярославль"
    },
    {
        "type": 1,
        "textQue": "Чья эта эмблема?",
        "slugQue": "logo_sochi_t",
        "comment": "",
        "slugDlg": "logo_sochi",
        "slugCorAns": "no_pic",
        "txtCorAns": "Сочи",
        "wrSlgAns1": "no_pic",
        "wrTxtAns1": "Торпедо Москва",
        "wrSlgAns2": "no_pic",
        "wrTxtAns2": "Тюмень ",
        "wrSlgAns3": "no_pic",
        "wrTxtAns3": "Урал Екатеринбург",
        "wrSlgAns4": "no_pic",
        "wrTxtAns4": "Уфа",
        "wrSlgAns5": "no_pic",
        "wrTxtAns5": "Чайка Песчанокопское"
    },
    {
        "type": 1,
        "textQue": "Кто является маскотом Химок?",
        "slugQue": "logo_khimki",
        "comment": "",
        "slugDlg": "mas_khimki",
        "slugCorAns": "no_pic",
        "txtCorAns": "Робот Новатор",
        "wrSlgAns1": "no_pic",
        "wrTxtAns1": "Медведь Химик",
        "wrSlgAns2": "no_pic",
        "wrTxtAns2": "Немецкая овчарка",
        "wrSlgAns3": "no_pic",
        "wrTxtAns3": "Золотая монета",
        "wrSlgAns4": "no_pic",
        "wrTxtAns4": "Заяц Москвич",
        "wrSlgAns5": "no_pic",
        "wrTxtAns5": "Пантера Хищница"
    }
]