[
    {
        "type": 1,
        "textQue": "Кто был основным вратарём сборной СССР на ЧЕ-1988?",
        "slugQue": "cup_ce",
        "comment": "",
        "slugDlg": "cup_ce",
        "slugCorAns": "no_pic",
        "txtCorAns": "Ринат Дасаев",
        "wrSlgAns1": "no_pic",
        "wrTxtAns1": "Виктор Чанов",
        "wrSlgAns2": "no_pic",
        "wrTxtAns2": "Станислав Черчесов",
        "wrSlgAns3": "no_pic",
        "wrTxtAns3": "Дмитрий Харин",
        "wrSlgAns4": "no_pic",
        "wrTxtAns4": "Сергей Овчинников",
        "wrSlgAns5": "no_pic",
        "wrTxtAns5": "Владимир Пильгуй"
    },
    {
        "type": 1,
        "textQue": "Какая из этих команд была в одной отборочной группе со сборной России на ЧМ-2022?",
        "slugQue": "pic_cm2022",
        "comment": "",
        "slugDlg": "pic_cm2022",
        "slugCorAns": "no_pic",
        "txtCorAns": "Хорватия",
        "wrSlgAns1": "no_pic",
        "wrTxtAns1": "Швеция",
        "wrSlgAns2": "no_pic",
        "wrTxtAns2": "Финляндия",
        "wrSlgAns3": "no_pic",
        "wrTxtAns3": "Дания",
        "wrSlgAns4": "no_pic",
        "wrTxtAns4": "Шотландия",
        "wrSlgAns5": "no_pic",
        "wrTxtAns5": "Сан-Марино"
    },
    {
        "type": 1,
        "textQue": "Кто был тренером сборной России на ЧЕ-2012?",
        "slugQue": "pic_ce2012",
        "comment": "",
        "slugDlg": "zs_advokat",
        "slugCorAns": "no_pic",
        "txtCorAns": "Дик Адвокат",
        "wrSlgAns1": "no_pic",
        "wrTxtAns1": "Леонид Слуцкий",
        "wrSlgAns2": "no_pic",
        "wrTxtAns2": "Гус Хиддинк",
        "wrSlgAns3": "no_pic",
        "wrTxtAns3": "Станислав Черчесов",
        "wrSlgAns4": "no_pic",
        "wrTxtAns4": "Валерий Карпин",
        "wrSlgAns5": "no_pic",
        "wrTxtAns5": "Фабио Капелло"
    },
    {
        "type": 1,
        "textQue": "Против кого сборная России играла в стыковых матчах ЧЕ-2004?",
        "slugQue": "pic_ce2004",
        "comment": "",
        "slugDlg": "cup_ce",
        "slugCorAns": "no_pic",
        "txtCorAns": "Уэльс",
        "wrSlgAns1": "no_pic",
        "wrTxtAns1": "Норвегия",
        "wrSlgAns2": "no_pic",
        "wrTxtAns2": "Англия",
        "wrSlgAns3": "no_pic",
        "wrTxtAns3": "Словения",
        "wrSlgAns4": "no_pic",
        "wrTxtAns4": "Швеция",
        "wrSlgAns5": "no_pic",
        "wrTxtAns5": "Ирландия"
    },
    {
        "type": 4,
        "textQue": "Какое место занял Андрей Аршавин в голосовании Золотого Мяча в 2008 году?",
        "slugQue": "no_pic",
        "comment": "",
        "slugDlg": "num_6",
        "slugCorAns": "num_6",
        "txtCorAns": "место",
        "wrSlgAns1": "num_15",
        "wrTxtAns1": 15,
        "wrSlgAns2": "num_3",
        "wrTxtAns2": 3,
        "wrSlgAns3": "num_9",
        "wrTxtAns3": 9,
        "wrSlgAns4": "num_10",
        "wrTxtAns4": 10,
        "wrSlgAns5": "num_20",
        "wrTxtAns5": 20
    },
    {
        "type": 1,
        "textQue": "За какой из этих европейских клубов играл Сергей Семак?",
        "slugQue": "zs_semak",
        "comment": "",
        "slugDlg": "zs_semak",
        "slugCorAns": "no_pic",
        "txtCorAns": "ПСЖ",
        "wrSlgAns1": "no_pic",
        "wrTxtAns1": "Марсель",
        "wrSlgAns2": "no_pic",
        "wrTxtAns2": "Монако",
        "wrSlgAns3": "no_pic",
        "wrTxtAns3": "Лилль",
        "wrSlgAns4": "no_pic",
        "wrTxtAns4": "Лион",
        "wrSlgAns5": "no_pic",
        "wrTxtAns5": "Нант"
    },
    {
        "type": 1,
        "textQue": "Какой из этих клубов никогда не тренировал Станислав Черчесов?",
        "slugQue": "pic_cherchesov",
        "comment": "",
        "slugDlg": "logo_lokomotiv",
        "slugCorAns": "no_pic",
        "txtCorAns": "Локомотив Москва",
        "wrSlgAns1": "no_pic",
        "wrTxtAns1": "Терек",
        "wrSlgAns2": "no_pic",
        "wrTxtAns2": "Легия",
        "wrSlgAns3": "no_pic",
        "wrTxtAns3": "Спартак Москва",
        "wrSlgAns4": "no_pic",
        "wrTxtAns4": "Ференцварош",
        "wrSlgAns5": "no_pic",
        "wrTxtAns5": "Сборная Казахстана"
    },
    {
        "type": 1,
        "textQue": "Кто является рекордсменом сборной России по сыгранным матчам?",
        "slugQue": "flg_russia",
        "comment": "126 игр за 16 лет в сборной России (21.08.2002 - 07.07.2018)",
        "slugDlg": "bk_igmashevich",
        "slugCorAns": "no_pic",
        "txtCorAns": "Сергей Игнашевич",
        "wrSlgAns1": "no_pic",
        "wrTxtAns1": "Игорь Акинфеев",
        "wrSlgAns2": "no_pic",
        "wrTxtAns2": "Виктор Онопко",
        "wrSlgAns3": "no_pic",
        "wrTxtAns3": "Юрий Жирков",
        "wrSlgAns4": "no_pic",
        "wrTxtAns4": "Василий Березуцкий",
        "wrSlgAns5": "no_pic",
        "wrTxtAns5": "Александр Кержаков"
    },
    {
        "type": 5,
        "textQue": "Воспитанником какого клуба является Владимир Быстров?",
        "slugQue": "no_pic",
        "comment": "",
        "slugDlg": "logo_zenit",
        "slugCorAns": "logo_zenit",
        "txtCorAns": "Зенит",
        "wrSlgAns1": "logo_spartak",
        "wrTxtAns1": "Спартак Москва",
        "wrSlgAns2": "logo_lokomotiv",
        "wrTxtAns2": "Локомотив Москва",
        "wrSlgAns3": "logo_dinamo",
        "wrTxtAns3": "Динамо Москва",
        "wrSlgAns4": "logo_krasnodar",
        "wrTxtAns4": "Краснодар",
        "wrSlgAns5": "logo_anzhi",
        "wrTxtAns5": "Анжи"
    },
    {
        "type": 1,
        "textQue": "Против какой сборной Александр Филимонов совершил ужасную ошибку, пустив мяч за шиворот?",
        "slugQue": "pic_ce2000",
        "comment": "",
        "slugDlg": "pic_ce2000",
        "slugCorAns": "no_pic",
        "txtCorAns": "Сборная Украины",
        "wrSlgAns1": "no_pic",
        "wrTxtAns1": "Сборная Франции",
        "wrSlgAns2": "no_pic",
        "wrTxtAns2": "Сборная Исландии",
        "wrSlgAns3": "no_pic",
        "wrTxtAns3": "Сборная Армении",
        "wrSlgAns4": "no_pic",
        "wrTxtAns4": "Сборная Андорры",
        "wrSlgAns5": "no_pic",
        "wrTxtAns5": "Сборная Словении"
    },
    {
        "type": 1,
        "textQue": "Какой их этих европейских грандов потерпел сокрушительное поражение 3:2 от Ростова в Лиге Чемпионов?",
        "slugQue": "logo_rostov",
        "comment": "",
        "slugDlg": "logo_rostov",
        "slugCorAns": "no_pic",
        "txtCorAns": "Бавария",
        "wrSlgAns1": "no_pic",
        "wrTxtAns1": "Барселона",
        "wrSlgAns2": "no_pic",
        "wrTxtAns2": "МЮ",
        "wrSlgAns3": "no_pic",
        "wrTxtAns3": "Ман Сити",
        "wrSlgAns4": "no_pic",
        "wrTxtAns4": "Интер",
        "wrSlgAns5": "no_pic",
        "wrTxtAns5": "Атлетико"
    },
    {
        "type": 1,
        "textQue": "Какого футболиста Спартака дисквалифицировали из-за содержании в крови бромантана?",
        "slugQue": "logo_spartak",
        "comment": "",
        "slugDlg": "logo_spartak",
        "slugCorAns": "no_pic",
        "txtCorAns": "Егор Титов",
        "wrSlgAns1": "no_pic",
        "wrTxtAns1": "Илья Цымбаларь",
        "wrSlgAns2": "no_pic",
        "wrTxtAns2": "Андрей Тихонов",
        "wrSlgAns3": "no_pic",
        "wrTxtAns3": "Вадим Евсеев",
        "wrSlgAns4": "no_pic",
        "wrTxtAns4": "Александр Филимонов",
        "wrSlgAns5": "no_pic",
        "wrTxtAns5": "Дмитрий Хлестов"
    },
    {
        "type": 1,
        "textQue": "Какой футболист Рубина признавался два года подряд лучшим молодым футболистом сезона в РПЛ?",
        "slugQue": "logo_rubin",
        "comment": "",
        "slugDlg": "logo_rubin",
        "slugCorAns": "no_pic",
        "txtCorAns": "Хвича Кварацхелия",
        "wrSlgAns1": "no_pic",
        "wrTxtAns1": "Иван Игнатьев",
        "wrSlgAns2": "no_pic",
        "wrTxtAns2": "Александр Зуев",
        "wrSlgAns3": "no_pic",
        "wrTxtAns3": "Николай Поярков",
        "wrSlgAns4": "no_pic",
        "wrTxtAns4": "Сергей Пиняев",
        "wrSlgAns5": "no_pic",
        "wrTxtAns5": "Илья Гапонов"
    },
    {
        "type": 5,
        "textQue": "Какой клуб выиграл последний чемпионат СССР?",
        "slugQue": "no_pic",
        "comment": "",
        "slugDlg": "logo_cska",
        "slugCorAns": "logo_cska",
        "txtCorAns": "ЦСКА",
        "wrSlgAns1": "logo_spartak",
        "wrTxtAns1": "Спартак М",
        "wrSlgAns2": "logo_dinamo",
        "wrTxtAns2": "Динамо М",
        "wrSlgAns3": "logo_alania",
        "wrTxtAns3": "Алания",
        "wrSlgAns4": "logo_lokomotiv",
        "wrTxtAns4": "Локомотив М",
        "wrSlgAns5": "logo_zenit",
        "wrTxtAns5": "Зенит"
    },
    {
        "type": 1,
        "textQue": "Из какого города футбольный клуб Факел?",
        "slugQue": "logo_fakel",
        "comment": "",
        "slugDlg": "logo_fakel",
        "slugCorAns": "no_pic",
        "txtCorAns": "Воронеж",
        "wrSlgAns1": "no_pic",
        "wrTxtAns1": "Саратов",
        "wrSlgAns2": "no_pic",
        "wrTxtAns2": "Курск",
        "wrSlgAns3": "no_pic",
        "wrTxtAns3": "Астрахань",
        "wrSlgAns4": "no_pic",
        "wrTxtAns4": "Владимир",
        "wrSlgAns5": "no_pic",
        "wrTxtAns5": "Камышин"
    },
    {
        "type": 3,
        "textQue": "У какого из этих клубов на эмблеме нет красного цвета?",
        "slugQue": "no_pic",
        "comment": "",
        "slugDlg": "logo_rostov",
        "slugCorAns": "no_pic",
        "txtCorAns": "Ростов",
        "wrSlgAns1": "no_pic",
        "wrTxtAns1": "Химки",
        "wrSlgAns2": "no_pic",
        "wrTxtAns2": "Локомотив",
        "wrSlgAns3": "no_pic",
        "wrTxtAns3": "Акрон",
        "wrSlgAns4": "no_pic",
        "wrTxtAns4": "Факел Воронеж",
        "wrSlgAns5": "no_pic",
        "wrTxtAns5": "Спартак Москва"
    },
    {
        "type": 2,
        "textQue": "Кто выиграл первый и единственный Кубок российской Премьер-лиги?",
        "slugQue": "logo_rpl",
        "comment": "Турнир, созданный в 2003 году, не пользовался популярностью у болельщиков, поэтому его отменили после первого же розыгрыша.",
        "slugDlg": "logo_zenit",
        "slugCorAns": "logo_zenit",
        "txtCorAns": "Зенит",
        "wrSlgAns1": "logo_cska",
        "wrTxtAns1": "ЦСКА",
        "wrSlgAns2": "logo_spartak",
        "wrTxtAns2": "Спартак Москва",
        "wrSlgAns3": "logo_lokomotiv",
        "wrTxtAns3": "Локомотив Москва",
        "wrSlgAns4": "logo_dinamo",
        "wrTxtAns4": "Динамо Москва",
        "wrSlgAns5": "logo_akhmat",
        "wrTxtAns5": "Ахмат"
    },
    {
        "type": 5,
        "textQue": "Из какого клуба уволили Виктора Гончаренко во время успешного сезона без объяснения причин?",
        "slugQue": "no_pic",
        "comment": "",
        "slugDlg": "logo_kuban_old",
        "slugCorAns": "logo_kuban_old",
        "txtCorAns": "Кубань",
        "wrSlgAns1": "logo_akhmat",
        "wrTxtAns1": "Ахмат",
        "wrSlgAns2": "logo_ural",
        "wrTxtAns2": "Урал",
        "wrSlgAns3": "logo_ufa",
        "wrTxtAns3": "Уфа",
        "wrSlgAns4": "logo_rostov",
        "wrTxtAns4": "Ростов",
        "wrSlgAns5": "logo_cska",
        "wrTxtAns5": "ЦСКА"
    },
    {
        "type": 1,
        "textQue": "Кто никогда не становился лучшим бомбардиром РПЛ?",
        "slugQue": "logo_rpl",
        "comment": "",
        "slugDlg": "zs_arshavin",
        "slugCorAns": "no_pic",
        "txtCorAns": "Андрей Аршавин",
        "wrSlgAns1": "no_pic",
        "wrTxtAns1": "Квинси Промес",
        "wrSlgAns2": "no_pic",
        "wrTxtAns2": "Фёдор Чалов",
        "wrSlgAns3": "no_pic",
        "wrTxtAns3": "Артём Дзюба",
        "wrSlgAns4": "no_pic",
        "wrTxtAns4": "Фёдор Смолов",
        "wrSlgAns5": "no_pic",
        "wrTxtAns5": "Юра Мовсисян"
    },
    {
        "type": 2,
        "textQue": "Какой из этих медиа клубов участвовал в розыгрыше Кубка России?",
        "slugQue": "pic_cuprus",
        "comment": "",
        "slugDlg": "logo_drots",
        "slugCorAns": "logo_drots",
        "txtCorAns": "2DROTS",
        "wrSlgAns1": "logo_fk10",
        "wrTxtAns1": "ФК 10",
        "wrSlgAns2": "logo_lotus",
        "wrTxtAns2": "Lotus",
        "wrSlgAns3": "logo_egrisi",
        "wrTxtAns3": "Эгриси",
        "wrSlgAns4": "logo_titan",
        "wrTxtAns4": "Титан",
        "wrSlgAns5": "logo_dengi",
        "wrTxtAns5": "ФК Деньги"
    },
    {
        "type": 1,
        "textQue": "Против какого европейского гранда Спартак играл в полуфинале Лиги Чемпионов 90/91?",
        "slugQue": "logo_lc",
        "comment": "",
        "slugDlg": "logo_spartak",
        "slugCorAns": "no_pic",
        "txtCorAns": "Марсель",
        "wrSlgAns1": "no_pic",
        "wrTxtAns1": "Барселона",
        "wrSlgAns2": "no_pic",
        "wrTxtAns2": "Црвена звезда",
        "wrSlgAns3": "no_pic",
        "wrTxtAns3": "Бавария",
        "wrSlgAns4": "no_pic",
        "wrTxtAns4": "Милан",
        "wrSlgAns5": "no_pic",
        "wrTxtAns5": "Реал Мадрид"
    },
    {
        "type": 1,
        "textQue": "В каком году сборная CCCР по футболу выиграла золото на Олимпиаде?",
        "slugQue": "flg_ussr",
        "comment": "",
        "slugDlg": "flg_ussr",
        "slugCorAns": "no_pic",
        "txtCorAns": 1988,
        "wrSlgAns1": "no_pic",
        "wrTxtAns1": 1984,
        "wrSlgAns2": "no_pic",
        "wrTxtAns2": 1980,
        "wrSlgAns3": "no_pic",
        "wrTxtAns3": 1976,
        "wrSlgAns4": "no_pic",
        "wrTxtAns4": 1972,
        "wrSlgAns5": "no_pic",
        "wrTxtAns5": 1992
    },
    {
        "type": 1,
        "textQue": "Какое музыкальное произведение было гимном сборной СНГ на ЧЕ-1992?",
        "slugQue": "cup_ce",
        "comment": "",
        "slugDlg": "cup_ce",
        "slugCorAns": "no_pic",
        "txtCorAns": "9-я симфония Бетховена",
        "wrSlgAns1": "no_pic",
        "wrTxtAns1": "Вальс Шуберта",
        "wrSlgAns2": "no_pic",
        "wrTxtAns2": "10-я симфония Шостаковича",
        "wrSlgAns3": "no_pic",
        "wrTxtAns3": "4-я симфония Брамса",
        "wrSlgAns4": "no_pic",
        "wrTxtAns4": "41-ая симфония Моцарта",
        "wrSlgAns5": "no_pic",
        "wrTxtAns5": "5-я симфония Малера"
    },
    {
        "type": 1,
        "textQue": "Кто стал лучшим бомбардиром ЧМ-1994?",
        "slugQue": "cup_cm",
        "comment": "",
        "slugDlg": "cup_cm",
        "slugCorAns": "no_pic",
        "txtCorAns": "Олег Саенко",
        "wrSlgAns1": "no_pic",
        "wrTxtAns1": "Хенрик Ларссон",
        "wrSlgAns2": "no_pic",
        "wrTxtAns2": "Юрген Клинсманн",
        "wrSlgAns3": "no_pic",
        "wrTxtAns3": "Габриэль Батистута",
        "wrSlgAns4": "no_pic",
        "wrTxtAns4": "Роберто Баджо",
        "wrSlgAns5": "no_pic",
        "wrTxtAns5": "Деннис Бергкамп"
    },
    {
        "type": 1,
        "textQue": "Какой тренер больше всего побеждал в РПЛ?",
        "slugQue": "logo_rpl",
        "comment": "",
        "slugDlg": "logo_rpl",
        "slugCorAns": "no_pic",
        "txtCorAns": "Олег Романцев",
        "wrSlgAns1": "no_pic",
        "wrTxtAns1": "Валерий Газзаев",
        "wrSlgAns2": "no_pic",
        "wrTxtAns2": "Сергей Семак",
        "wrSlgAns3": "no_pic",
        "wrTxtAns3": "Юрий Сёмин",
        "wrSlgAns4": "no_pic",
        "wrTxtAns4": "Анатолий Бышовец",
        "wrSlgAns5": "no_pic",
        "wrTxtAns5": "Леонид Слуцкий"
    },
    {
        "type": 1,
        "textQue": "Кто этот футболист?",
        "slugQue": "fk_bagatelija",
        "comment": "Полузащитник",
        "slugDlg": "fk_bagatelija",
        "slugCorAns": "no_pic",
        "txtCorAns": "Лука Багателия",
        "wrSlgAns1": "no_pic",
        "wrTxtAns1": "Хызыр Аппаев",
        "wrSlgAns2": "no_pic",
        "wrTxtAns2": "Никита Моцпан",
        "wrSlgAns3": "no_pic",
        "wrTxtAns3": "Табо Селе",
        "wrSlgAns4": "no_pic",
        "wrTxtAns4": "Ираклий Квеквескири",
        "wrSlgAns5": "no_pic",
        "wrTxtAns5": "Владислав Мастерной"
    },
    {
        "type": 1,
        "textQue": "Кто этот футболист?",
        "slugQue": "akr_galojan",
        "comment": "Полузащитник",
        "slugDlg": "akr_galojan",
        "slugCorAns": "no_pic",
        "txtCorAns": "Артур Галоян",
        "wrSlgAns1": "no_pic",
        "wrTxtAns1": "Максим Палиенко",
        "wrSlgAns2": "no_pic",
        "wrTxtAns2": "Руслан Апеков",
        "wrSlgAns3": "no_pic",
        "wrTxtAns3": "Вячеслав Бардыбахин",
        "wrSlgAns4": "no_pic",
        "wrTxtAns4": "Дмитрий Пестряков",
        "wrSlgAns5": "no_pic",
        "wrTxtAns5": "Александр Васютин"
    },
    {
        "type": 1,
        "textQue": "Кто этот футболист?",
        "slugQue": "sm_rjabchuk",
        "comment": "Защитник",
        "slugDlg": "sm_rjabchuk",
        "slugCorAns": "no_pic",
        "txtCorAns": "Олег Рябчук",
        "wrSlgAns1": "no_pic",
        "wrTxtAns1": "Данил Пруцев",
        "wrSlgAns2": "no_pic",
        "wrTxtAns2": "Руслан Литвинов",
        "wrSlgAns3": "no_pic",
        "wrTxtAns3": "Павел Мелешин",
        "wrSlgAns4": "no_pic",
        "wrTxtAns4": "Илья Свинов",
        "wrSlgAns5": "no_pic",
        "wrTxtAns5": "Максим Лайкин"
    },
    {
        "type": 1,
        "textQue": "Кто этот футболист?",
        "slugQue": "dm_gladyshev",
        "comment": "Нападающий",
        "slugDlg": "dm_gladyshev",
        "slugCorAns": "no_pic",
        "txtCorAns": "Ярослав Гладышев",
        "wrSlgAns1": "no_pic",
        "wrTxtAns1": "Андрей Кудравец",
        "wrSlgAns2": "no_pic",
        "wrTxtAns2": "Ян Цесь",
        "wrSlgAns3": "no_pic",
        "wrTxtAns3": "Максим Балахонов",
        "wrSlgAns4": "no_pic",
        "wrTxtAns4": "Лука Гагнидзе",
        "wrSlgAns5": "no_pic",
        "wrTxtAns5": "Станислав Бессмертный"
    },
    {
        "type": 1,
        "textQue": "Кто этот футболист?",
        "slugQue": "ro_osipenko",
        "comment": "Защитник",
        "slugDlg": "ro_osipenko",
        "slugCorAns": "no_pic",
        "txtCorAns": "Максим Осипенко",
        "wrSlgAns1": "no_pic",
        "wrTxtAns1": "Андрей Лангович",
        "wrSlgAns2": "no_pic",
        "wrTxtAns2": "Константин Кучаев",
        "wrSlgAns3": "no_pic",
        "wrTxtAns3": "Павел Бочаров",
        "wrSlgAns4": "no_pic",
        "wrTxtAns4": "Даниил Уткин",
        "wrSlgAns5": "no_pic",
        "wrTxtAns5": "Алексей Колтаков"
    },
    {
        "type": 1,
        "textQue": "Кто этот футболист?",
        "slugQue": "cska_obljakov",
        "comment": "Полузащитник",
        "slugDlg": "cska_obljakov",
        "slugCorAns": "no_pic",
        "txtCorAns": "Иван Обляков",
        "wrSlgAns1": "no_pic",
        "wrTxtAns1": "Илья Агапов",
        "wrSlgAns2": "no_pic",
        "wrTxtAns2": "Максим Мухин",
        "wrSlgAns3": "no_pic",
        "wrTxtAns3": "Артем Шуманский",
        "wrSlgAns4": "no_pic",
        "wrTxtAns4": "Матвей Кисляк",
        "wrSlgAns5": "no_pic",
        "wrTxtAns5": "Милан Гайич"
    },
    {
        "type": 1,
        "textQue": "Чья эта эмблема?",
        "slugQue": "logo_rotor_t",
        "comment": "",
        "slugDlg": "logo_rotor",
        "slugCorAns": "no_pic",
        "txtCorAns": "Ротор Волгоград",
        "wrSlgAns1": "no_pic",
        "wrTxtAns1": "Алания Владикавказ",
        "wrSlgAns2": "no_pic",
        "wrTxtAns2": "Арсенал Тула",
        "wrSlgAns3": "no_pic",
        "wrTxtAns3": "Балтика Калининград",
        "wrSlgAns4": "no_pic",
        "wrTxtAns4": "Енисей Красноярск",
        "wrSlgAns5": "no_pic",
        "wrTxtAns5": "КАМАЗ Набережные Челны"
    },
    {
        "type": 1,
        "textQue": "Чья эта эмблема?",
        "slugQue": "logo_spartak_kos",
        "comment": "",
        "slugDlg": "logo_spartak_kos",
        "slugCorAns": "no_pic",
        "txtCorAns": "Спартак Кострома",
        "wrSlgAns1": "no_pic",
        "wrTxtAns1": "Спартак Серпухов",
        "wrSlgAns2": "no_pic",
        "wrTxtAns2": "Спартак Тамбов",
        "wrSlgAns3": "no_pic",
        "wrTxtAns3": "Спарта Щелково",
        "wrSlgAns4": "no_pic",
        "wrTxtAns4": "Север Мурманск",
        "wrSlgAns5": "no_pic",
        "wrTxtAns5": "Леон Сатурн"
    },
    {
        "type": 1,
        "textQue": "Чья эта эмблема?",
        "slugQue": "logo_murom_t",
        "comment": "",
        "slugDlg": "logo_murom",
        "slugCorAns": "no_pic",
        "txtCorAns": "Муром",
        "wrSlgAns1": "no_pic",
        "wrTxtAns1": "Металлург Липецк",
        "wrSlgAns2": "no_pic",
        "wrTxtAns2": "Велес Москва",
        "wrSlgAns3": "no_pic",
        "wrTxtAns3": "Челябинск",
        "wrSlgAns4": "no_pic",
        "wrTxtAns4": "Спартак Кострома",
        "wrSlgAns5": "no_pic",
        "wrTxtAns5": "Текстильщик Иваново"
    },
    {
        "type": 1,
        "textQue": "Чья эта эмблема?",
        "slugQue": "logo_cheliabinsk_t",
        "comment": "",
        "slugDlg": "logo_cheliabinsk",
        "slugCorAns": "no_pic",
        "txtCorAns": "Челябинск",
        "wrSlgAns1": "no_pic",
        "wrTxtAns1": "Спартак Кострома",
        "wrSlgAns2": "no_pic",
        "wrTxtAns2": "Текстильщик Иваново",
        "wrSlgAns3": "no_pic",
        "wrTxtAns3": "Авангард Курск",
        "wrSlgAns4": "no_pic",
        "wrTxtAns4": "Калуга",
        "wrSlgAns5": "no_pic",
        "wrTxtAns5": "Иртыш Омск"
    },
    {
        "type": 1,
        "textQue": "Кто является маскотом Оренбурга?",
        "slugQue": "logo_orenburg",
        "comment": "",
        "slugDlg": "mas_orenburg",
        "slugCorAns": "no_pic",
        "txtCorAns": "Мальчик Альбинос",
        "wrSlgAns1": "no_pic",
        "wrTxtAns1": "Волк",
        "wrSlgAns2": "no_pic",
        "wrTxtAns2": "Суслик",
        "wrSlgAns3": "no_pic",
        "wrTxtAns3": "Медведь",
        "wrSlgAns4": "no_pic",
        "wrTxtAns4": "Воин с щитом",
        "wrSlgAns5": "no_pic",
        "wrTxtAns5": "Мяч"
    }
]