[
    {
        "type": 1,
        "textQue": "Кто защищал ворота сборной России на ЧЕ-2020?",
        "slugQue": "pic_ce2020",
        "comment": "",
        "slugDlg": "pic_ce2020",
        "slugCorAns": "no_pic",
        "txtCorAns": "Матвей Сафонов",
        "wrSlgAns1": "no_pic",
        "wrTxtAns1": "Андрей Лунёв",
        "wrSlgAns2": "no_pic",
        "wrTxtAns2": "Юрий Лодыгин",
        "wrSlgAns3": "no_pic",
        "wrTxtAns3": "Сергей Рыжиков",
        "wrSlgAns4": "no_pic",
        "wrTxtAns4": "Игорь Акинфеев",
        "wrSlgAns5": "no_pic",
        "wrTxtAns5": "Юрий Дюпин"
    },
    {
        "type": 1,
        "textQue": "Кого из этих футболистов не попал в заявку сборной России на ЧМ-2018?",
        "slugQue": "pic_wc2018",
        "comment": "",
        "slugDlg": "pic_wc2018",
        "slugCorAns": "no_pic",
        "txtCorAns": "Игорь Денисов",
        "wrSlgAns1": "no_pic",
        "wrTxtAns1": "Юрий Газинский",
        "wrSlgAns2": "no_pic",
        "wrTxtAns2": "Александр Ерохин",
        "wrSlgAns3": "no_pic",
        "wrTxtAns3": "Владимир Гранат",
        "wrSlgAns4": "no_pic",
        "wrTxtAns4": "Владимир Габулов",
        "wrSlgAns5": "no_pic",
        "wrTxtAns5": "Юрий Жирков"
    },
    {
        "type": 1,
        "textQue": "Кто был тренером сборной России на ЧМ-2014?",
        "slugQue": "pic_cm2014",
        "comment": "",
        "slugDlg": "pic_cm2014",
        "slugCorAns": "no_pic",
        "txtCorAns": "Фабио Капелло",
        "wrSlgAns1": "no_pic",
        "wrTxtAns1": "Дик Адвокат",
        "wrSlgAns2": "no_pic",
        "wrTxtAns2": "Гус Хиддинк",
        "wrSlgAns3": "no_pic",
        "wrTxtAns3": "Станислав Черчесов",
        "wrSlgAns4": "no_pic",
        "wrTxtAns4": "Валерий Карпин",
        "wrSlgAns5": "no_pic",
        "wrTxtAns5": "Леонид Слуцкий"
    },
    {
        "type": 1,
        "textQue": "Какой сборной проиграла сборная России в полуфинале ЧЕ-2008?",
        "slugQue": "pic_ce2008",
        "comment": "",
        "slugDlg": "pic_ce2008",
        "slugCorAns": "no_pic",
        "txtCorAns": "Испания",
        "wrSlgAns1": "no_pic",
        "wrTxtAns1": "Нидерланды",
        "wrSlgAns2": "no_pic",
        "wrTxtAns2": "Италия",
        "wrSlgAns3": "no_pic",
        "wrTxtAns3": "Греция",
        "wrSlgAns4": "no_pic",
        "wrTxtAns4": "Швеция",
        "wrSlgAns5": "no_pic",
        "wrTxtAns5": "Германия"
    },
    {
        "type": 1,
        "textQue": "С кем сборная России провела матч открытия ЧМ-2018?",
        "slugQue": "pic_wc2018",
        "comment": "",
        "slugDlg": "pic_wc2018",
        "slugCorAns": "no_pic",
        "txtCorAns": "Саудовская Аравия",
        "wrSlgAns1": "no_pic",
        "wrTxtAns1": "Египет",
        "wrSlgAns2": "no_pic",
        "wrTxtAns2": "Уругвай",
        "wrSlgAns3": "no_pic",
        "wrTxtAns3": "Бельгия",
        "wrSlgAns4": "no_pic",
        "wrTxtAns4": "Испания",
        "wrSlgAns5": "no_pic",
        "wrTxtAns5": "Хорватия"
    },
    {
        "type": 3,
        "textQue": "За какой европейский клуб играет Александр Головин?",
        "slugQue": "no_pic",
        "comment": "",
        "slugDlg": "flg_russia",
        "slugCorAns": "no_pic",
        "txtCorAns": "Монако",
        "wrSlgAns1": "no_pic",
        "wrTxtAns1": "Брест",
        "wrSlgAns2": "no_pic",
        "wrTxtAns2": "Лион",
        "wrSlgAns3": "no_pic",
        "wrTxtAns3": "ПСЖ",
        "wrSlgAns4": "no_pic",
        "wrTxtAns4": "Лилль",
        "wrSlgAns5": "no_pic",
        "wrTxtAns5": "Марсель"
    },
    {
        "type": 5,
        "textQue": "Воспитанником какого клуба является Алексей Миранчук?",
        "slugQue": "no_pic",
        "comment": "",
        "slugDlg": "logo_lokomotiv",
        "slugCorAns": "logo_lokomotiv",
        "txtCorAns": "Локомотив Москва",
        "wrSlgAns1": "logo_cska",
        "wrTxtAns1": "ЦСКА",
        "wrSlgAns2": "logo_dinamo",
        "wrTxtAns2": "Динамо Москва",
        "wrSlgAns3": "logo_zenit",
        "wrTxtAns3": "Зенит",
        "wrSlgAns4": "logo_torpedo",
        "wrTxtAns4": "Торпедо Москва",
        "wrSlgAns5": "logo_rubin",
        "wrTxtAns5": "Рубин"
    },
    {
        "type": 3,
        "textQue": "Кто из этих футболистов сборной России не забил пенальти в послематчевой серии с Хорватией на ЧМ-2018?",
        "slugQue": "no_pic",
        "comment": "",
        "slugDlg": "kr_smolov",
        "slugCorAns": "no_pic",
        "txtCorAns": "Федор Смолов",
        "wrSlgAns1": "no_pic",
        "wrTxtAns1": "Александр Головин",
        "wrSlgAns2": "no_pic",
        "wrTxtAns2": "Денис Черышев",
        "wrSlgAns3": "no_pic",
        "wrTxtAns3": "Артём Дзюба",
        "wrSlgAns4": "no_pic",
        "wrTxtAns4": "Роман Зобнин",
        "wrSlgAns5": "no_pic",
        "wrTxtAns5": "Сергей Игнашевич"
    },
    {
        "type": 3,
        "textQue": "Как зовут брата-близнеца крайнего защитника Дмитрия Комбарова?",
        "slugQue": "no_pic",
        "comment": "",
        "slugDlg": "flg_russia",
        "slugCorAns": "no_pic",
        "txtCorAns": "Кирилл",
        "wrSlgAns1": "no_pic",
        "wrTxtAns1": "Фёдор",
        "wrSlgAns2": "no_pic",
        "wrTxtAns2": "Александр",
        "wrSlgAns3": "no_pic",
        "wrTxtAns3": "Артём",
        "wrSlgAns4": "no_pic",
        "wrTxtAns4": "Сергей",
        "wrSlgAns5": "no_pic",
        "wrTxtAns5": "Роман"
    },
    {
        "type": 2,
        "textQue": "Какой из этих клубов никогда не вылетал из высшего дивизиона России?",
        "slugQue": "logo_rpl",
        "comment": "13 сезонов подряд в РПЛ, начиная с 2011/12",
        "slugDlg": "logo_krasnodar",
        "slugCorAns": "logo_krasnodar",
        "txtCorAns": "Краснодар",
        "wrSlgAns1": "logo_dinamo",
        "wrTxtAns1": "Динамо М",
        "wrSlgAns2": "logo_rubin",
        "wrTxtAns2": "Рубин",
        "wrSlgAns3": "logo_rostov",
        "wrTxtAns3": "Ростов",
        "wrSlgAns4": "logo_zenit",
        "wrTxtAns4": "Зенит",
        "wrSlgAns5": "logo_akhmat",
        "wrTxtAns5": "Ахмат"
    },
    {
        "type": 1,
        "textQue": "Из какого города клуб Ахмат?",
        "slugQue": "logo_akhmat",
        "comment": "",
        "slugDlg": "logo_akhmat",
        "slugCorAns": "no_pic",
        "txtCorAns": "Грозный",
        "wrSlgAns1": "no_pic",
        "wrTxtAns1": "Махачкала",
        "wrSlgAns2": "no_pic",
        "wrTxtAns2": "Ставрополь",
        "wrSlgAns3": "no_pic",
        "wrTxtAns3": "Владикавказ",
        "wrSlgAns4": "no_pic",
        "wrTxtAns4": "Нальчик",
        "wrSlgAns5": "no_pic",
        "wrTxtAns5": "Хасавюрт"
    },
    {
        "type": 1,
        "textQue": "По итогам какого сезона Динамо Москва вылетело в ФНЛ?",
        "slugQue": "logo_dinamo",
        "comment": "Динамо Москва покинуло высший дивизион России по итогам сезона 2015/16",
        "slugDlg": "logo_dinamo",
        "slugCorAns": "no_pic",
        "txtCorAns": "2015/16",
        "wrSlgAns1": "no_pic",
        "wrTxtAns1": "2014/15",
        "wrSlgAns2": "no_pic",
        "wrTxtAns2": "2016/17",
        "wrSlgAns3": "no_pic",
        "wrTxtAns3": "2017/18",
        "wrSlgAns4": "no_pic",
        "wrTxtAns4": "2013/14",
        "wrSlgAns5": "no_pic",
        "wrTxtAns5": "2018/19"
    },
    {
        "type": 1,
        "textQue": "Кто забил за Рубин мяч в ворота Барселоны дальним ударом?",
        "slugQue": "logo_rubin",
        "comment": "Барселона 1:2 Рубин ",
        "slugDlg": "logo_rubin",
        "slugCorAns": "no_pic",
        "txtCorAns": "Александр Рязанцев",
        "wrSlgAns1": "no_pic",
        "wrTxtAns1": "Алехандро Домингес",
        "wrSlgAns2": "no_pic",
        "wrTxtAns2": "Гекдениз Карадениз",
        "wrSlgAns3": "no_pic",
        "wrTxtAns3": "Кристиан Нобоа",
        "wrSlgAns4": "no_pic",
        "wrTxtAns4": "Владимир Дядюн",
        "wrSlgAns5": "no_pic",
        "wrTxtAns5": "Курбан Бердыев"
    },
    {
        "type": 1,
        "textQue": "Кто был первым иностранным тренером в истории Зенита?",
        "slugQue": "logo_zenit",
        "comment": "",
        "slugDlg": "logo_zenit",
        "slugCorAns": "no_pic",
        "txtCorAns": "Властимил Петржела",
        "wrSlgAns1": "no_pic",
        "wrTxtAns1": " Лучано Спаллетти",
        "wrSlgAns2": "no_pic",
        "wrTxtAns2": "Дик Адвокат",
        "wrSlgAns3": "no_pic",
        "wrTxtAns3": "Владимир Боровичка",
        "wrSlgAns4": "no_pic",
        "wrTxtAns4": "Андре Виллаш-Боаш",
        "wrSlgAns5": "no_pic",
        "wrTxtAns5": "Борис Раппопорт"
    },
    {
        "type": 1,
        "textQue": "Кто является маскотом Ахмата?",
        "slugQue": "logo_akhmat",
        "comment": "",
        "slugDlg": "mas_akhmat",
        "slugCorAns": "no_pic",
        "txtCorAns": "Волк",
        "wrSlgAns1": "no_pic",
        "wrTxtAns1": "Дракон",
        "wrSlgAns2": "no_pic",
        "wrTxtAns2": "Орёл",
        "wrSlgAns3": "no_pic",
        "wrTxtAns3": "Сокол",
        "wrSlgAns4": "no_pic",
        "wrTxtAns4": "Конь",
        "wrSlgAns5": "no_pic",
        "wrTxtAns5": "Человек с саблей"
    },
    {
        "type": 1,
        "textQue": "Кто является рекордсменом Локомотива по сыгранным матчам за клуб?",
        "slugQue": "logo_lokomotiv",
        "comment": "422 матча",
        "slugDlg": "logo_lokomotiv",
        "slugCorAns": "no_pic",
        "txtCorAns": "Дмитрий Лоськов",
        "wrSlgAns1": "no_pic",
        "wrTxtAns1": "Сергей Гуренко",
        "wrSlgAns2": "no_pic",
        "wrTxtAns2": "Гильерме",
        "wrSlgAns3": "no_pic",
        "wrTxtAns3": "Владимир Маминов",
        "wrSlgAns4": "no_pic",
        "wrTxtAns4": "Сергей Овчинников",
        "wrSlgAns5": "no_pic",
        "wrTxtAns5": "Дмитрий Сычёв"
    },
    {
        "type": 1,
        "textQue": "Какой тренер привел ЦСКА к победе в Кубке УЕФА в 2005 году?",
        "slugQue": "logo_cska",
        "comment": "",
        "slugDlg": "cska_gazzaev",
        "slugCorAns": "no_pic",
        "txtCorAns": "Валерий Газзаев",
        "wrSlgAns1": "no_pic",
        "wrTxtAns1": "Павел Садырин",
        "wrSlgAns2": "no_pic",
        "wrTxtAns2": "Олег Долматов",
        "wrSlgAns3": "no_pic",
        "wrTxtAns3": "Леонид Слуцкий",
        "wrSlgAns4": "no_pic",
        "wrTxtAns4": "Александр Кузнецов",
        "wrSlgAns5": "no_pic",
        "wrTxtAns5": "Артур Жорже"
    },
    {
        "type": 1,
        "textQue": "При каком  тренере Локомотив завоевал чемпионство в сезоне 2017/18?",
        "slugQue": "logo_lokomotiv",
        "comment": "Юрий Сёмин привел Локомотив к 3-ему титулу чемпионов",
        "slugDlg": "logo_lokomotiv",
        "slugCorAns": "no_pic",
        "txtCorAns": "Юрий Сёмин",
        "wrSlgAns1": "no_pic",
        "wrTxtAns1": "Марко Николич",
        "wrSlgAns2": "no_pic",
        "wrTxtAns2": "Игорь Черевченко",
        "wrSlgAns3": "no_pic",
        "wrTxtAns3": "Маркус Гисдоль",
        "wrSlgAns4": "no_pic",
        "wrTxtAns4": "Юрий Красножан",
        "wrSlgAns5": "no_pic",
        "wrTxtAns5": "Миодраг Божович"
    },
    {
        "type": 3,
        "textQue": "Какое животное изображено на эмблеме Сочи?",
        "slugQue": "no_pic",
        "comment": "",
        "slugDlg": "logo_sochi",
        "slugCorAns": "no_pic",
        "txtCorAns": "Снежный Барс",
        "wrSlgAns1": "no_pic",
        "wrTxtAns1": "Гепард",
        "wrSlgAns2": "no_pic",
        "wrTxtAns2": "Леопард",
        "wrSlgAns3": "no_pic",
        "wrTxtAns3": "Тигр",
        "wrSlgAns4": "no_pic",
        "wrTxtAns4": "Лев",
        "wrSlgAns5": "no_pic",
        "wrTxtAns5": "Медведь"
    },
    {
        "type": 3,
        "textQue": "Эмблема какого клуба состоит только из одной буквы?",
        "slugQue": "no_pic",
        "comment": "",
        "slugDlg": "logo_torpedo",
        "slugCorAns": "no_pic",
        "txtCorAns": "Торпедо Москва",
        "wrSlgAns1": "no_pic",
        "wrTxtAns1": "Сокол Саратов",
        "wrSlgAns2": "no_pic",
        "wrTxtAns2": "Уфа",
        "wrSlgAns3": "no_pic",
        "wrTxtAns3": "Тюмень ",
        "wrSlgAns4": "no_pic",
        "wrTxtAns4": "СКА-Хабаровск",
        "wrSlgAns5": "no_pic",
        "wrTxtAns5": "Родина Москва"
    },
    {
        "type": 1,
        "textQue": "Кто является автором решающего незабитого пенальти в ворота Акинфеева на ЧМ-2018 у испанцев?",
        "slugQue": "pic_wc2018",
        "comment": "",
        "slugDlg": "cup_cm",
        "slugCorAns": "no_pic",
        "txtCorAns": "Яго Аспас",
        "wrSlgAns1": "no_pic",
        "wrTxtAns1": "Серхио Рамос",
        "wrSlgAns2": "no_pic",
        "wrTxtAns2": "Андрес Иньеста",
        "wrSlgAns3": "no_pic",
        "wrTxtAns3": "Марко Асенсио",
        "wrSlgAns4": "no_pic",
        "wrTxtAns4": "Даниэль Карвахаль",
        "wrSlgAns5": "no_pic",
        "wrTxtAns5": "Серхио Бускетс"
    },
    {
        "type": 1,
        "textQue": "Какой чемпион мира в сезоне 2020/21 числился в заявке Сочи, но не сыграл ни одной игры?",
        "slugQue": "logo_sochi",
        "comment": "",
        "slugDlg": "cup_cm",
        "slugCorAns": "no_pic",
        "txtCorAns": "Адиль Рами",
        "wrSlgAns1": "no_pic",
        "wrTxtAns1": "Андре Шюррле",
        "wrSlgAns2": "no_pic",
        "wrTxtAns2": "Бенедикт Хёведес",
        "wrSlgAns3": "no_pic",
        "wrTxtAns3": "Эдер Маседу",
        "wrSlgAns4": "no_pic",
        "wrTxtAns4": "Роберто Карлос",
        "wrSlgAns5": "no_pic",
        "wrTxtAns5": "Бруно Алвеш"
    },
    {
        "type": 1,
        "textQue": "Самая крупная победа в истории сборной России?",
        "slugQue": "flg_russia",
        "comment": "Саранск, Россия; 8 июня 2019 года",
        "slugDlg": "flg_russia",
        "slugCorAns": "no_pic",
        "txtCorAns": "Россия 9:0 Сан-Марино",
        "wrSlgAns1": "no_pic",
        "wrTxtAns1": "Россия 8:1 Люксембург",
        "wrSlgAns2": "no_pic",
        "wrTxtAns2": "Россия 11:0 Андорра",
        "wrSlgAns3": "no_pic",
        "wrTxtAns3": "Россия 7:1 Словакия",
        "wrSlgAns4": "no_pic",
        "wrTxtAns4": "Россия 9:2 Новая Зеландия",
        "wrSlgAns5": "no_pic",
        "wrTxtAns5": "Россия 13:0 Гибралтар"
    },
    {
        "type": 1,
        "textQue": "Как зовут главного тренера ЦСКА?",
        "slugQue": "cska_nikolich",
        "comment": "",
        "slugDlg": "cska_nikolich",
        "slugCorAns": "no_pic",
        "txtCorAns": "Марко Николич",
        "wrSlgAns1": "no_pic",
        "wrTxtAns1": "Мирча Луческу",
        "wrSlgAns2": "no_pic",
        "wrTxtAns2": "Славолюб Муслин",
        "wrSlgAns3": "no_pic",
        "wrTxtAns3": "Владимир Ивич",
        "wrSlgAns4": "no_pic",
        "wrTxtAns4": "Саша Илич",
        "wrSlgAns5": "no_pic",
        "wrTxtAns5": "Ивица Олич"
    },
    {
        "type": 3,
        "textQue": "За какой из этих европейских клубов играет Арсен Захарян?",
        "slugQue": "no_pic",
        "comment": "",
        "slugDlg": "flg_russia",
        "slugCorAns": "no_pic",
        "txtCorAns": "Реал Сосьедад",
        "wrSlgAns1": "no_pic",
        "wrTxtAns1": "Севилья",
        "wrSlgAns2": "no_pic",
        "wrTxtAns2": "Сельта",
        "wrSlgAns3": "no_pic",
        "wrTxtAns3": "Валенсия",
        "wrSlgAns4": "no_pic",
        "wrTxtAns4": "Осасуна",
        "wrSlgAns5": "no_pic",
        "wrTxtAns5": "Бетис"
    },
    {
        "type": 2,
        "textQue": "На какой российской арене проходили матчи ЧЕ-2020?",
        "slugQue": "pic_ce2020",
        "comment": "",
        "slugDlg": "std_gazprom",
        "slugCorAns": "std_gazprom",
        "txtCorAns": "Газпром Арена",
        "wrSlgAns1": "std_nizhnov",
        "wrTxtAns1": "Нижний Новгород",
        "wrSlgAns2": "std_spartak",
        "wrTxtAns2": "Лукойл Арена",
        "wrSlgAns3": "std_krasnodar",
        "wrTxtAns3": "Краснодар",
        "wrSlgAns4": "std_lujniki",
        "wrTxtAns4": "Лужники",
        "wrSlgAns5": "std_vtb",
        "wrTxtAns5": "ВТБ Арена"
    },
    {
        "type": 1,
        "textQue": "Кто этот футболист?",
        "slugQue": "sm_selihov",
        "comment": "Вратарь",
        "slugDlg": "sm_selihov",
        "slugCorAns": "no_pic",
        "txtCorAns": "Александр Селихов",
        "wrSlgAns1": "no_pic",
        "wrTxtAns1": "Александр Максименко",
        "wrSlgAns2": "no_pic",
        "wrTxtAns2": "Павел Маслов",
        "wrSlgAns3": "no_pic",
        "wrTxtAns3": "Даниил Зорин",
        "wrSlgAns4": "no_pic",
        "wrTxtAns4": "Михаил Игнатов",
        "wrSlgAns5": "no_pic",
        "wrTxtAns5": "Максим Лайкин"
    },
    {
        "type": 1,
        "textQue": "Кто этот футболист?",
        "slugQue": "kr_petrov",
        "comment": "Защитник",
        "slugDlg": "kr_petrov",
        "slugCorAns": "no_pic",
        "txtCorAns": "Сергей Петров",
        "wrSlgAns1": "no_pic",
        "wrTxtAns1": "Александр Кокшаров",
        "wrSlgAns2": "no_pic",
        "wrTxtAns2": "Александр Черников",
        "wrSlgAns3": "no_pic",
        "wrTxtAns3": "Эдуард Сперцян",
        "wrSlgAns4": "no_pic",
        "wrTxtAns4": "Хуниор Алонсо",
        "wrSlgAns5": "no_pic",
        "wrTxtAns5": "Юрий Дюпин"
    },
    {
        "type": 1,
        "textQue": "Кто этот футболист?",
        "slugQue": "zs_erokhin",
        "comment": "Полузащитник",
        "slugDlg": "zs_erokhin",
        "slugCorAns": "no_pic",
        "txtCorAns": "Александр Ерохин",
        "wrSlgAns1": "no_pic",
        "wrTxtAns1": "Михаил Кержаков",
        "wrSlgAns2": "no_pic",
        "wrTxtAns2": "Сергей Волков",
        "wrSlgAns3": "no_pic",
        "wrTxtAns3": "Вячеслав Караваев",
        "wrSlgAns4": "no_pic",
        "wrTxtAns4": "Юрий Горшков",
        "wrSlgAns5": "no_pic",
        "wrTxtAns5": "Дмитрий Чистяков"
    },
    {
        "type": 1,
        "textQue": "Кто этот футболист?",
        "slugQue": "dm_balbuena",
        "comment": "Защитник",
        "slugDlg": "dm_balbuena",
        "slugCorAns": "no_pic",
        "txtCorAns": "Фабиан Бальбуэна",
        "wrSlgAns1": "no_pic",
        "wrTxtAns1": "Роберто Фернандес",
        "wrSlgAns2": "no_pic",
        "wrTxtAns2": "Николас Маричаль",
        "wrSlgAns3": "no_pic",
        "wrTxtAns3": "Диего Ласкальт",
        "wrSlgAns4": "no_pic",
        "wrTxtAns4": "Хорхе Карраскаль",
        "wrSlgAns5": "no_pic",
        "wrTxtAns5": "Жоао Бителло"
    },
    {
        "type": 1,
        "textQue": "Чья эта эмблема?",
        "slugQue": "logo_orenburg_t",
        "comment": "",
        "slugDlg": "logo_orenburg",
        "slugCorAns": "no_pic",
        "txtCorAns": "Оренбург",
        "wrSlgAns1": "no_pic",
        "wrTxtAns1": "Пари НН",
        "wrSlgAns2": "no_pic",
        "wrTxtAns2": "Акрон",
        "wrSlgAns3": "no_pic",
        "wrTxtAns3": "Уфа",
        "wrSlgAns4": "no_pic",
        "wrTxtAns4": "Динамо Махачкала",
        "wrSlgAns5": "no_pic",
        "wrTxtAns5": "Крылья Советов"
    },
    {
        "type": 1,
        "textQue": "Чья эта эмблема?",
        "slugQue": "logo_rostov_t",
        "comment": "",
        "slugDlg": "logo_rostov",
        "slugCorAns": "no_pic",
        "txtCorAns": "Ростов",
        "wrSlgAns1": "no_pic",
        "wrTxtAns1": "Рубин",
        "wrSlgAns2": "no_pic",
        "wrTxtAns2": "Крылья Советов",
        "wrSlgAns3": "no_pic",
        "wrTxtAns3": "Ротор",
        "wrSlgAns4": "no_pic",
        "wrTxtAns4": "Сочи",
        "wrSlgAns5": "no_pic",
        "wrTxtAns5": "Тамбов"
    },
    {
        "type": 1,
        "textQue": "Чья эта эмблема?",
        "slugQue": "logo_akhmat_t",
        "comment": "",
        "slugDlg": "logo_akhmat",
        "slugCorAns": "no_pic",
        "txtCorAns": "Ахмат",
        "wrSlgAns1": "no_pic",
        "wrTxtAns1": "Краснодар",
        "wrSlgAns2": "no_pic",
        "wrTxtAns2": "Урал",
        "wrSlgAns3": "no_pic",
        "wrTxtAns3": "Оренбург",
        "wrSlgAns4": "no_pic",
        "wrTxtAns4": "Акрон",
        "wrSlgAns5": "no_pic",
        "wrTxtAns5": "Ростов"
    },
    {
        "type": 1,
        "textQue": "Чья эта эмблема?",
        "slugQue": "logo_sochi_t",
        "comment": "",
        "slugDlg": "logo_sochi",
        "slugCorAns": "no_pic",
        "txtCorAns": "Сочи",
        "wrSlgAns1": "no_pic",
        "wrTxtAns1": "Торпедо Москва",
        "wrSlgAns2": "no_pic",
        "wrTxtAns2": "Тюмень",
        "wrSlgAns3": "no_pic",
        "wrTxtAns3": "Урал Екатеринбург",
        "wrSlgAns4": "no_pic",
        "wrTxtAns4": "Уфа",
        "wrSlgAns5": "no_pic",
        "wrTxtAns5": "Чайка Песчанокопское"
    },
    {
        "type": 1,
        "textQue": "Кто является маскотом Спартака?",
        "slugQue": "logo_spartak",
        "comment": "",
        "slugDlg": "mas_spartak",
        "slugCorAns": "no_pic",
        "txtCorAns": "Гладиатор",
        "wrSlgAns1": "no_pic",
        "wrTxtAns1": "Дракон",
        "wrSlgAns2": "no_pic",
        "wrTxtAns2": "Орёл",
        "wrSlgAns3": "no_pic",
        "wrTxtAns3": "Дружинник",
        "wrSlgAns4": "no_pic",
        "wrTxtAns4": "Конь",
        "wrSlgAns5": "no_pic",
        "wrTxtAns5": "Человек с саблей"
    },
    {
        "type": 1,
        "textQue": "Кто этот футболист?",
        "slugQue": "sm_barko",
        "comment": "25-летний (29.03.1999) аргентинский полузащитник. Перешёл в Спартак летом 2024 из Ривер Плейта",
        "slugDlg": "sm_barko",
        "slugCorAns": "no_pic",
        "txtCorAns": "Эсекиэль Барко",
        "wrSlgAns1": "no_pic",
        "wrTxtAns1": "Шамар Николсон",
        "wrSlgAns2": "no_pic",
        "wrTxtAns2": "Виллиан Жозе",
        "wrSlgAns3": "no_pic",
        "wrTxtAns3": "Манфред Угальде",
        "wrSlgAns4": "no_pic",
        "wrTxtAns4": "Тео Бонгонда",
        "wrSlgAns5": "no_pic",
        "wrTxtAns5": "Алексис Дуарте"
    },
    {
        "type": 1,
        "textQue": "Кто этот футболист?",
        "slugQue": "sm_nikolson",
        "comment": "27-летний (16.03.1997) ямайский нападающий. Перешёл в Спартак летом 2022 из Шарлеруа",
        "slugDlg": "sm_nikolson",
        "slugCorAns": "no_pic",
        "txtCorAns": "Шамар Николсон",
        "wrSlgAns1": "no_pic",
        "wrTxtAns1": "Эсекиэль Барко",
        "wrSlgAns2": "no_pic",
        "wrTxtAns2": "Кристофер Мартинс",
        "wrSlgAns3": "no_pic",
        "wrTxtAns3": "Хесус Медина",
        "wrSlgAns4": "no_pic",
        "wrTxtAns4": "Манфред Угальде",
        "wrSlgAns5": "no_pic",
        "wrTxtAns5": "Алексис Дуарте"
    }
]