[
    {
        "type": 1,
        "textQue": "Кто был основным вратарём сборной России на ЧМ-2002?",
        "slugQue": "pic_cm2002",
        "comment": "",
        "slugDlg": "pic_cm2002",
        "slugCorAns": "no_pic",
        "txtCorAns": "Руслан Нигматуллин",
        "wrSlgAns1": "no_pic",
        "wrTxtAns1": "Александр Филимонов",
        "wrSlgAns2": "no_pic",
        "wrTxtAns2": "Станислав Черчесов",
        "wrSlgAns3": "no_pic",
        "wrTxtAns3": "Сергей Овчинников",
        "wrSlgAns4": "no_pic",
        "wrTxtAns4": "Вячеслав Малафеев",
        "wrSlgAns5": "no_pic",
        "wrTxtAns5": "Дмитрий Харин"
    },
    {
        "type": 1,
        "textQue": "Кого из этих футболистов не было в заявке сборной России на ЧЕ-2020?",
        "slugQue": "pic_ce2020",
        "comment": "",
        "slugDlg": "pic_ce2020",
        "slugCorAns": "no_pic",
        "txtCorAns": "Андрей Мостовой",
        "wrSlgAns1": "no_pic",
        "wrTxtAns1": "Далер Кузяев",
        "wrSlgAns2": "no_pic",
        "wrTxtAns2": "Магомед Оздоев",
        "wrSlgAns3": "no_pic",
        "wrTxtAns3": "Фёдор Кудряшов",
        "wrSlgAns4": "no_pic",
        "wrTxtAns4": "Юрий Дюпин",
        "wrSlgAns5": "no_pic",
        "wrTxtAns5": "Антон Заболотный"
    },
    {
        "type": 1,
        "textQue": "Кто был тренером сборной России на ЧЕ-2008?",
        "slugQue": "pic_ce2008",
        "comment": "",
        "slugDlg": "pic_ce2008",
        "slugCorAns": "no_pic",
        "txtCorAns": "Гус Хиддинк",
        "wrSlgAns1": "no_pic",
        "wrTxtAns1": "Дик Адвокат",
        "wrSlgAns2": "no_pic",
        "wrTxtAns2": "Фабио Капелло",
        "wrSlgAns3": "no_pic",
        "wrTxtAns3": "Олег Романцев",
        "wrSlgAns4": "no_pic",
        "wrTxtAns4": "Юриё Сёмин",
        "wrSlgAns5": "no_pic",
        "wrTxtAns5": "Валерий Газзаев"
    },
    {
        "type": 1,
        "textQue": "Какому российскому футболисту хотели поставить памятник болельщики Сельты?",
        "slugQue": "logo_celta",
        "comment": "",
        "slugDlg": "logo_celta",
        "slugCorAns": "no_pic",
        "txtCorAns": "Александр Мостовой",
        "wrSlgAns1": "no_pic",
        "wrTxtAns1": "Валерий Карпин",
        "wrSlgAns2": "no_pic",
        "wrTxtAns2": "Денис Черышев",
        "wrSlgAns3": "no_pic",
        "wrTxtAns3": "Дмитрий Черышев",
        "wrSlgAns4": "no_pic",
        "wrTxtAns4": "Виктор Онопко",
        "wrSlgAns5": "no_pic",
        "wrTxtAns5": "Игорь Корнеев"
    },
    {
        "type": 1,
        "textQue": "С каким клубом играл Зенит в Суперкубке УЕФА 2008?",
        "slugQue": "logo_zenit",
        "comment": "",
        "slugDlg": "logo_zenit",
        "slugCorAns": "no_pic",
        "txtCorAns": "Манчестер Юнайтед",
        "wrSlgAns1": "no_pic",
        "wrTxtAns1": "Манчестер Сити",
        "wrSlgAns2": "no_pic",
        "wrTxtAns2": "Бавария",
        "wrSlgAns3": "no_pic",
        "wrTxtAns3": "Интер",
        "wrSlgAns4": "no_pic",
        "wrTxtAns4": "Ливерпуль",
        "wrSlgAns5": "no_pic",
        "wrTxtAns5": "Милан"
    },
    {
        "type": 3,
        "textQue": "Какой немецкий клуб спонсировал ГазПром?",
        "slugQue": "no_pic",
        "comment": "",
        "slugDlg": "flg_russia",
        "slugCorAns": "no_pic",
        "txtCorAns": "Шальке-04",
        "wrSlgAns1": "no_pic",
        "wrTxtAns1": "Гамбург",
        "wrSlgAns2": "no_pic",
        "wrTxtAns2": "Фортуна",
        "wrSlgAns3": "no_pic",
        "wrTxtAns3": "Бохум",
        "wrSlgAns4": "no_pic",
        "wrTxtAns4": "Нюрберг",
        "wrSlgAns5": "no_pic",
        "wrTxtAns5": "Падерборн"
    },
    {
        "type": 5,
        "textQue": "Как называется любительский футбольный клуб, владельцем которого являлся German El Classico (Герман Попков)?",
        "slugQue": "no_pic",
        "comment": "",
        "slugDlg": "logo_amkal",
        "slugCorAns": "logo_amkal",
        "txtCorAns": "Амкал",
        "wrSlgAns1": "logo_drots",
        "wrTxtAns1": "2DROTS",
        "wrSlgAns2": "logo_fk10",
        "wrTxtAns2": "ФК 10",
        "wrSlgAns3": "logo_dengi",
        "wrTxtAns3": "ФК Деньги",
        "wrSlgAns4": "logo_dmedia",
        "wrTxtAns4": "DMEDIA",
        "wrSlgAns5": "logo_egrisi",
        "wrTxtAns5": "Эгриси"
    },
    {
        "type": 3,
        "textQue": "За какой из этих европейских клубов играл Павел Погребняк?",
        "slugQue": "no_pic",
        "comment": "",
        "slugDlg": "flg_russia",
        "slugCorAns": "no_pic",
        "txtCorAns": "Рединг",
        "wrSlgAns1": "no_pic",
        "wrTxtAns1": "Норвич",
        "wrSlgAns2": "no_pic",
        "wrTxtAns2": "Шеффилд Юнайтед",
        "wrSlgAns3": "no_pic",
        "wrTxtAns3": "Лидс Юнайтед",
        "wrSlgAns4": "no_pic",
        "wrTxtAns4": "Саутгемптон",
        "wrSlgAns5": "no_pic",
        "wrTxtAns5": "Уотфорд"
    },
    {
        "type": 3,
        "textQue": "За какой итальянский клуб выступал Александр Кокорин?",
        "slugQue": "no_pic",
        "comment": "",
        "slugDlg": "flg_russia",
        "slugCorAns": "no_pic",
        "txtCorAns": "Фиорентина",
        "wrSlgAns1": "no_pic",
        "wrTxtAns1": "Торино",
        "wrSlgAns2": "no_pic",
        "wrTxtAns2": "Лацио",
        "wrSlgAns3": "no_pic",
        "wrTxtAns3": "Рома",
        "wrSlgAns4": "no_pic",
        "wrTxtAns4": "Аталанта",
        "wrSlgAns5": "no_pic",
        "wrTxtAns5": "Наполи"
    },
    {
        "type": 5,
        "textQue": "Воспитанником какого клуба является Алексей Ионов?",
        "slugQue": "no_pic",
        "comment": "",
        "slugDlg": "logo_zenit",
        "slugCorAns": "logo_zenit",
        "txtCorAns": "Зенит",
        "wrSlgAns1": "logo_cska",
        "wrTxtAns1": "ЦСКА",
        "wrSlgAns2": "logo_lokomotiv",
        "wrTxtAns2": "Локомотив",
        "wrSlgAns3": "logo_rostov",
        "wrTxtAns3": "Ростов",
        "wrSlgAns4": "logo_rubin",
        "wrTxtAns4": "Рубин",
        "wrSlgAns5": "logo_dinamo",
        "wrTxtAns5": "Динамо Москва"
    },
    {
        "type": 1,
        "textQue": "У кого из этих бразильцев нет российского гражданства?",
        "slugQue": "logo_zenit",
        "comment": "",
        "slugDlg": "zs_hulk",
        "slugCorAns": "no_pic",
        "txtCorAns": "Халк",
        "wrSlgAns1": "no_pic",
        "wrTxtAns1": "Клаудиньо",
        "wrSlgAns2": "no_pic",
        "wrTxtAns2": "Малком",
        "wrSlgAns3": "no_pic",
        "wrTxtAns3": "Гильерме",
        "wrSlgAns4": "no_pic",
        "wrTxtAns4": "Марио Фернандес",
        "wrSlgAns5": "no_pic",
        "wrTxtAns5": "Жоаозиньо"
    },
    {
        "type": 1,
        "textQue": "Кто из бывших игроков Локомотива стал автором победного гола Португалии на ЧЕ 2016?",
        "slugQue": "pic_ce2016",
        "comment": "",
        "slugDlg": "logo_lokomotiv",
        "slugCorAns": "no_pic",
        "txtCorAns": "Эдер",
        "wrSlgAns1": "no_pic",
        "wrTxtAns1": "Бруно Алвеш",
        "wrSlgAns2": "no_pic",
        "wrTxtAns2": "Адиль Рами",
        "wrSlgAns3": "no_pic",
        "wrTxtAns3": "Андре Шюррле",
        "wrSlgAns4": "no_pic",
        "wrTxtAns4": "Угу Алмейда",
        "wrSlgAns5": "no_pic",
        "wrTxtAns5": "Данни"
    },
    {
        "type": 1,
        "textQue": "Какой клуб Краснодар обыграл в квалификации Лиги Чемпионов со счетом 2:3 в сезоне 19/20? ",
        "slugQue": "logo_krasnodar",
        "comment": "",
        "slugDlg": "logo_krasnodar",
        "slugCorAns": "no_pic",
        "txtCorAns": "Порту",
        "wrSlgAns1": "no_pic",
        "wrTxtAns1": "Бенфика",
        "wrSlgAns2": "no_pic",
        "wrTxtAns2": "Байер",
        "wrSlgAns3": "no_pic",
        "wrTxtAns3": "Олимпиакос",
        "wrSlgAns4": "no_pic",
        "wrTxtAns4": "Реал Сосьедад",
        "wrSlgAns5": "no_pic",
        "wrTxtAns5": "Спортинг"
    },
    {
        "type": 1,
        "textQue": "С каким из этих европейских грандов Спартак никогда не встречался в еврокубках?",
        "slugQue": "logo_spartak",
        "comment": "",
        "slugDlg": "logo_spartak",
        "slugCorAns": "no_pic",
        "txtCorAns": "Ювентус",
        "wrSlgAns1": "no_pic",
        "wrTxtAns1": "Бавария",
        "wrSlgAns2": "no_pic",
        "wrTxtAns2": "Барселона",
        "wrSlgAns3": "no_pic",
        "wrTxtAns3": "Реал Мадрид",
        "wrSlgAns4": "no_pic",
        "wrTxtAns4": "Милан",
        "wrSlgAns5": "no_pic",
        "wrTxtAns5": "Интер"
    },
    {
        "type": 1,
        "textQue": "Кто является самым результативным бомбардиром в российской истории ЦСКА?",
        "slugQue": "logo_cska",
        "comment": "Лучшим бомбардиром в российской истории ЦСКА является Вагнер Лав.  На его счету 85 голов за 9 сезонов в составе армейцев",
        "slugDlg": "cska_vagnerlove",
        "slugCorAns": "no_pic",
        "txtCorAns": "Вагнер Лав",
        "wrSlgAns1": "no_pic",
        "wrTxtAns1": "Сергей Семак",
        "wrSlgAns2": "no_pic",
        "wrTxtAns2": "Фёдор Чалов",
        "wrSlgAns3": "no_pic",
        "wrTxtAns3": "Сейду Думбия",
        "wrSlgAns4": "no_pic",
        "wrTxtAns4": "Алан Дзагоев",
        "wrSlgAns5": "no_pic",
        "wrTxtAns5": "Ахмед Муса"
    },
    {
        "type": 1,
        "textQue": "Кто является маскотом Факела?",
        "slugQue": "logo_fakel",
        "comment": "",
        "slugDlg": "mas_fakel",
        "slugCorAns": "no_pic",
        "txtCorAns": "Бобёр Фаворит",
        "wrSlgAns1": "no_pic",
        "wrTxtAns1": "Олимпиец Факелоносец",
        "wrSlgAns2": "no_pic",
        "wrTxtAns2": "Кот Огонёшка",
        "wrSlgAns3": "no_pic",
        "wrTxtAns3": "Немецкая овчарка Рав",
        "wrSlgAns4": "no_pic",
        "wrTxtAns4": "Лиса Колобок",
        "wrSlgAns5": "no_pic",
        "wrTxtAns5": "Пожарный дядя Стёпа"
    },
    {
        "type": 1,
        "textQue": "В каком году состоялся золотой матч с участием Спартака за звание Чемпиона России?",
        "slugQue": "logo_spartak",
        "comment": "",
        "slugDlg": "logo_spartak",
        "slugCorAns": "no_pic",
        "txtCorAns": 1996,
        "wrSlgAns1": "no_pic",
        "wrTxtAns1": 2002,
        "wrSlgAns2": "no_pic",
        "wrTxtAns2": 2000,
        "wrSlgAns3": "no_pic",
        "wrTxtAns3": 1994,
        "wrSlgAns4": "no_pic",
        "wrTxtAns4": 2004,
        "wrSlgAns5": "no_pic",
        "wrTxtAns5": 1993
    },
    {
        "type": 3,
        "textQue": "На эмблеме какого клуба изображён медведь?",
        "slugQue": "no_pic",
        "comment": "",
        "slugDlg": "logo_shinnik",
        "slugCorAns": "no_pic",
        "txtCorAns": "Шинник Ярославль",
        "wrSlgAns1": "no_pic",
        "wrTxtAns1": "Черноморец Новороссийск",
        "wrSlgAns2": "no_pic",
        "wrTxtAns2": "КАМАЗ Набережные Челны",
        "wrSlgAns3": "no_pic",
        "wrTxtAns3": "Нефтехимик Нижнекамск",
        "wrSlgAns4": "no_pic",
        "wrTxtAns4": "Урал Екатеринбург",
        "wrSlgAns5": "no_pic",
        "wrTxtAns5": "Ротор Волгоград"
    },
    {
        "type": 1,
        "textQue": "В каком году был посторен стадион Лужники?",
        "slugQue": "std_lujniki",
        "comment": "",
        "slugDlg": "std_lujniki",
        "slugCorAns": "no_pic",
        "txtCorAns": 1956,
        "wrSlgAns1": "no_pic",
        "wrTxtAns1": 1970,
        "wrSlgAns2": "no_pic",
        "wrTxtAns2": 1930,
        "wrSlgAns3": "no_pic",
        "wrTxtAns3": 1949,
        "wrSlgAns4": "no_pic",
        "wrTxtAns4": 1987,
        "wrSlgAns5": "no_pic",
        "wrTxtAns5": 1912
    },
    {
        "type": 1,
        "textQue": "Кто был капитаном сборной России на ЧМ-2018?",
        "slugQue": "pic_wc2018",
        "comment": "",
        "slugDlg": "cska_akinfeev",
        "slugCorAns": "no_pic",
        "txtCorAns": "Игорь Акинфеев",
        "wrSlgAns1": "no_pic",
        "wrTxtAns1": "Сергей Игнашевич",
        "wrSlgAns2": "no_pic",
        "wrTxtAns2": "Василий Березуцкий",
        "wrSlgAns3": "no_pic",
        "wrTxtAns3": "Юрий Жирков",
        "wrSlgAns4": "no_pic",
        "wrTxtAns4": "Артём Дзюба",
        "wrSlgAns5": "no_pic",
        "wrTxtAns5": "Александр Головин"
    },
    {
        "type": 3,
        "textQue": "Кто снялся в клипе \"Руки вверх\" \"Она меня целует\"?",
        "slugQue": "no_pic",
        "comment": "",
        "slugDlg": "cska_akinfeev",
        "slugCorAns": "no_pic",
        "txtCorAns": "Игорь Акинфеев",
        "wrSlgAns1": "no_pic",
        "wrTxtAns1": "Сергей Игнашевич",
        "wrSlgAns2": "no_pic",
        "wrTxtAns2": "Василий Березуцкий",
        "wrSlgAns3": "no_pic",
        "wrTxtAns3": "Юрий Жирков",
        "wrSlgAns4": "no_pic",
        "wrTxtAns4": "Артём Дзюба",
        "wrSlgAns5": "no_pic",
        "wrTxtAns5": "Александр Головин"
    },
    {
        "type": 3,
        "textQue": "Какой комментатор является автором данной фразы \"Решающие матчи, а у нас г***о в воротах.\"?",
        "slugQue": "no_pic",
        "comment": "",
        "slugDlg": "flg_russia",
        "slugCorAns": "no_pic",
        "txtCorAns": "Дмитрий Губерниев",
        "wrSlgAns1": "no_pic",
        "wrTxtAns1": "Василий Уткин",
        "wrSlgAns2": "no_pic",
        "wrTxtAns2": "Юрий Розанов",
        "wrSlgAns3": "no_pic",
        "wrTxtAns3": "Владимир Стогниенко",
        "wrSlgAns4": "no_pic",
        "wrTxtAns4": "Владимир Маслаченко",
        "wrSlgAns5": "no_pic",
        "wrTxtAns5": "Денис Казанский"
    },
    {
        "type": 2,
        "textQue": "За какой клуб играл знаменитый советский футболист Эдуард Стрельцов?",
        "slugQue": "flg_russia",
        "comment": "",
        "slugDlg": "logo_torpedo",
        "slugCorAns": "logo_torpedo",
        "txtCorAns": "Торпедо М",
        "wrSlgAns1": "logo_cska",
        "wrTxtAns1": "ЦСКА",
        "wrSlgAns2": "logo_spartak",
        "wrTxtAns2": "Спартак Москва",
        "wrSlgAns3": "logo_lokomotiv",
        "wrTxtAns3": "Локомотив",
        "wrSlgAns4": "logo_zenit",
        "wrTxtAns4": "Зенит",
        "wrSlgAns5": "logo_dinamo",
        "wrTxtAns5": "Динамо Москва"
    },
    {
        "type": 1,
        "textQue": "Кто из чемпионов мира играл за Локомотив с 2018 по 2020 года?",
        "slugQue": "logo_lokomotiv",
        "comment": "",
        "slugDlg": "logo_lokomotiv",
        "slugCorAns": "no_pic",
        "txtCorAns": "Бенедикт Хёведес",
        "wrSlgAns1": "no_pic",
        "wrTxtAns1": "Андре Шюррле",
        "wrSlgAns2": "no_pic",
        "wrTxtAns2": "Адиль Рами",
        "wrSlgAns3": "no_pic",
        "wrTxtAns3": "Эдер Маседу",
        "wrSlgAns4": "no_pic",
        "wrTxtAns4": "Роберто Карлос",
        "wrSlgAns5": "no_pic",
        "wrTxtAns5": "Бруно Алвеш"
    },
    {
        "type": 1,
        "textQue": "Как зовут главного тренера Краснодара?",
        "slugQue": "kr_musaev",
        "comment": "",
        "slugDlg": "kr_musaev",
        "slugCorAns": "no_pic",
        "txtCorAns": "Мурад Мусаев",
        "wrSlgAns1": "no_pic",
        "wrTxtAns1": "Рашид Рахимов",
        "wrSlgAns2": "no_pic",
        "wrTxtAns2": "Магомед Адиев",
        "wrSlgAns3": "no_pic",
        "wrTxtAns3": "Игорь Осинькин",
        "wrSlgAns4": "no_pic",
        "wrTxtAns4": "Александр Тарханов",
        "wrSlgAns5": "no_pic",
        "wrTxtAns5": "Юрий Нагайцев"
    },
    {
        "type": 1,
        "textQue": "Какой российский судья судил игры ЧЕ-2016?",
        "slugQue": "pic_ce2016",
        "comment": "Свой первый матч за сборную России сыграл 28 апреля в возрасте 18 лет и 20 дней против сборной Норвегии.",
        "slugDlg": "pic_karasev",
        "slugCorAns": "no_pic",
        "txtCorAns": "Сергей Карасёв",
        "wrSlgAns1": "no_pic",
        "wrTxtAns1": "Владислав Безбобродов",
        "wrSlgAns2": "no_pic",
        "wrTxtAns2": "Павел Кукуян",
        "wrSlgAns3": "no_pic",
        "wrTxtAns3": "Артем Чистяков",
        "wrSlgAns4": "no_pic",
        "wrTxtAns4": "Виталий Мешков",
        "wrSlgAns5": "no_pic",
        "wrTxtAns5": "Алексей Амелин "
    },
    {
        "type": 1,
        "textQue": "Против какой сборной состоялся дебют Акинфеева за сборную России?",
        "slugQue": "cska_akinfeev",
        "comment": "",
        "slugDlg": "cska_akinfeev",
        "slugCorAns": "no_pic",
        "txtCorAns": "Норвегия",
        "wrSlgAns1": "no_pic",
        "wrTxtAns1": "Дания",
        "wrSlgAns2": "no_pic",
        "wrTxtAns2": "Швеция",
        "wrSlgAns3": "no_pic",
        "wrTxtAns3": "Швейцария",
        "wrSlgAns4": "no_pic",
        "wrTxtAns4": "Сан-Марино",
        "wrSlgAns5": "no_pic",
        "wrTxtAns5": "Нидерланды"
    },
    {
        "type": 1,
        "textQue": "Кто этот футболист?",
        "slugQue": "kr_kordoba",
        "comment": "Нападающий",
        "slugDlg": "kr_kordoba",
        "slugCorAns": "no_pic",
        "txtCorAns": "Джон Кордоба",
        "wrSlgAns1": "no_pic",
        "wrTxtAns1": "Олакунле Олусегун",
        "wrSlgAns2": "no_pic",
        "wrTxtAns2": "Мозес",
        "wrSlgAns3": "no_pic",
        "wrTxtAns3": "Жоао Виктор",
        "wrSlgAns4": "no_pic",
        "wrTxtAns4": "Жоау Баши",
        "wrSlgAns5": "no_pic",
        "wrTxtAns5": "Кади"
    },
    {
        "type": 1,
        "textQue": "Кто этот футболист?",
        "slugQue": "cska_diveev",
        "comment": "Защитник",
        "slugDlg": "cska_diveev",
        "slugCorAns": "no_pic",
        "txtCorAns": "Игорь Дивеев",
        "wrSlgAns1": "no_pic",
        "wrTxtAns1": "Илья Агапов",
        "wrSlgAns2": "no_pic",
        "wrTxtAns2": "Максим Мухин",
        "wrSlgAns3": "no_pic",
        "wrTxtAns3": "Артем Шуманский",
        "wrSlgAns4": "no_pic",
        "wrTxtAns4": "Артем Бандикян",
        "wrSlgAns5": "no_pic",
        "wrTxtAns5": "Федор Чалов"
    },
    {
        "type": 1,
        "textQue": "Кто этот футболист?",
        "slugQue": "ro_komlichenko",
        "comment": "Нападающий",
        "slugDlg": "ro_komlichenko",
        "slugCorAns": "no_pic",
        "txtCorAns": "Николай Комличенко",
        "wrSlgAns1": "no_pic",
        "wrTxtAns1": "Егор Голенков",
        "wrSlgAns2": "no_pic",
        "wrTxtAns2": "Иван Комаров",
        "wrSlgAns3": "no_pic",
        "wrTxtAns3": "Даниил Шанталий",
        "wrSlgAns4": "no_pic",
        "wrTxtAns4": "Данил Глебов",
        "wrSlgAns5": "no_pic",
        "wrTxtAns5": "Максим Осипенко"
    },
    {
        "type": 1,
        "textQue": "Кто этот футболист?",
        "slugQue": "ro_bajramjan",
        "comment": "Полузащитник",
        "slugDlg": "ro_bajramjan",
        "slugCorAns": "no_pic",
        "txtCorAns": "Хорен Байрамян",
        "wrSlgAns1": "no_pic",
        "wrTxtAns1": "Михаил Цулая",
        "wrSlgAns2": "no_pic",
        "wrTxtAns2": "Хидает Ханкич",
        "wrSlgAns3": "no_pic",
        "wrTxtAns3": "Илья Вахания",
        "wrSlgAns4": "no_pic",
        "wrTxtAns4": "Андрей Лангович",
        "wrSlgAns5": "no_pic",
        "wrTxtAns5": "Даниил Шанталий"
    },
    {
        "type": 1,
        "textQue": "Кто этот футболист?",
        "slugQue": "rk_zotov",
        "comment": "Полузащитник",
        "slugDlg": "rk_zotov",
        "slugCorAns": "no_pic",
        "txtCorAns": "Александр Зотов",
        "wrSlgAns1": "no_pic",
        "wrTxtAns1": "Егор Тесленко",
        "wrSlgAns2": "no_pic",
        "wrTxtAns2": "Дмитрий Кабутов",
        "wrSlgAns3": "no_pic",
        "wrTxtAns3": "Богдан Йочич",
        "wrSlgAns4": "no_pic",
        "wrTxtAns4": "Никола Чумич",
        "wrSlgAns5": "no_pic",
        "wrTxtAns5": "Валентин Вада"
    },
    {
        "type": 1,
        "textQue": "Кто этот футболист?",
        "slugQue": "zs_sergeev",
        "comment": "Нападающий",
        "slugDlg": "zs_sergeev",
        "slugCorAns": "no_pic",
        "txtCorAns": "Иван Сергеев",
        "wrSlgAns1": "no_pic",
        "wrTxtAns1": "Дмитрий Чистяков",
        "wrSlgAns2": "no_pic",
        "wrTxtAns2": "Юрий Горшков",
        "wrSlgAns3": "no_pic",
        "wrTxtAns3": "Александр Коваленко",
        "wrSlgAns4": "no_pic",
        "wrTxtAns4": "Андрей Мостовой",
        "wrSlgAns5": "no_pic",
        "wrTxtAns5": "Алексей Сутормин"
    },
    {
        "type": 1,
        "textQue": "Чья эта эмблема?",
        "slugQue": "logo_rodina_t",
        "comment": "",
        "slugDlg": "logo_rodina",
        "slugCorAns": "no_pic",
        "txtCorAns": "Родина Москва",
        "wrSlgAns1": "no_pic",
        "wrTxtAns1": "СКА-Хабаровск",
        "wrSlgAns2": "no_pic",
        "wrTxtAns2": "Сокол Саратов",
        "wrSlgAns3": "no_pic",
        "wrTxtAns3": "Сочи",
        "wrSlgAns4": "no_pic",
        "wrTxtAns4": "Торпедо Москва",
        "wrSlgAns5": "no_pic",
        "wrTxtAns5": "Тюмень "
    },
    {
        "type": 1,
        "textQue": "Чья эта эмблема?",
        "slugQue": "logo_alania_t",
        "comment": "",
        "slugDlg": "logo_alania",
        "slugCorAns": "no_pic",
        "txtCorAns": "Алания Владикавказ",
        "wrSlgAns1": "no_pic",
        "wrTxtAns1": "Арсенал Тула",
        "wrSlgAns2": "no_pic",
        "wrTxtAns2": "Балтика Калининград",
        "wrSlgAns3": "no_pic",
        "wrTxtAns3": "Енисей Красноярск",
        "wrSlgAns4": "no_pic",
        "wrTxtAns4": "КАМАЗ Набережные Челны",
        "wrSlgAns5": "no_pic",
        "wrTxtAns5": "Нефтехимик Нижнекамск"
    },
    {
        "type": 1,
        "textQue": "Чья это эмблема?",
        "slugQue": "logo_tosno_t",
        "comment": "",
        "slugDlg": "logo_tosno",
        "slugCorAns": "no_pic",
        "txtCorAns": "Тосно",
        "wrSlgAns1": "no_pic",
        "wrTxtAns1": "Уралан",
        "wrSlgAns2": "no_pic",
        "wrTxtAns2": "Лада Димитровград",
        "wrSlgAns3": "no_pic",
        "wrTxtAns3": "Баштау",
        "wrSlgAns4": "no_pic",
        "wrTxtAns4": "Саранск",
        "wrSlgAns5": "no_pic",
        "wrTxtAns5": "Асмарал"
    },
    {
        "type": 1,
        "textQue": "Чья эта эмблема?",
        "slugQue": "logo_kamaz_t",
        "comment": "",
        "slugDlg": "logo_kamaz",
        "slugCorAns": "no_pic",
        "txtCorAns": "КАМАЗ",
        "wrSlgAns1": "no_pic",
        "wrTxtAns1": "Нефтехимик Нижнекамск",
        "wrSlgAns2": "no_pic",
        "wrTxtAns2": "Родина Москва",
        "wrSlgAns3": "no_pic",
        "wrTxtAns3": "СКА-Хабаровск",
        "wrSlgAns4": "no_pic",
        "wrTxtAns4": "Сокол Саратов",
        "wrSlgAns5": "no_pic",
        "wrTxtAns5": "Сочи"
    },
    {
        "type": 1,
        "textQue": "Кто является маскотом Локомотива?",
        "slugQue": "logo_lokomotiv",
        "comment": "У Локомотива несколько маскотов - Паровозик, тигр и рыжый паренек Рейл",
        "slugDlg": "mas_loko",
        "slugCorAns": "no_pic",
        "txtCorAns": "Паренек Рэйл",
        "wrSlgAns1": "no_pic",
        "wrTxtAns1": "Кот Василий",
        "wrSlgAns2": "no_pic",
        "wrTxtAns2": "Чемодан Толик",
        "wrSlgAns3": "no_pic",
        "wrTxtAns3": "Семафор Гена",
        "wrSlgAns4": "no_pic",
        "wrTxtAns4": "Лиса Алиса",
        "wrSlgAns5": "no_pic",
        "wrTxtAns5": "Выхухоль Маша"
    }
]