[
    {
        "type": 1,
        "textQue": "Кто был основным вратарём сборной СССР на ЧМ-1958?",
        "slugQue": "flg_ussr",
        "comment": "",
        "slugDlg": "flg_ussr",
        "slugCorAns": "no_pic",
        "txtCorAns": "Лев Яшин",
        "wrSlgAns1": "no_pic",
        "wrTxtAns1": "Владимир Маслаченко",
        "wrSlgAns2": "no_pic",
        "wrTxtAns2": "Владимир Беляев",
        "wrSlgAns3": "no_pic",
        "wrTxtAns3": "Сергей Котрикадзе",
        "wrSlgAns4": "no_pic",
        "wrTxtAns4": "Рамаз Урушадзе",
        "wrSlgAns5": "no_pic",
        "wrTxtAns5": "Анзор Кавазашвили"
    },
    {
        "type": 1,
        "textQue": "Кого из этих футболистов не было в заявке сборной России на ЧЕ-2016?",
        "slugQue": "pic_ce2016",
        "comment": "",
        "slugDlg": "pic_ce2016",
        "slugCorAns": "no_pic",
        "txtCorAns": "Алексей Миранчук",
        "wrSlgAns1": "no_pic",
        "wrTxtAns1": "Георгий Щенников",
        "wrSlgAns2": "no_pic",
        "wrTxtAns2": "Дмитрий Торбинский",
        "wrSlgAns3": "no_pic",
        "wrTxtAns3": "Роман Широков",
        "wrSlgAns4": "no_pic",
        "wrTxtAns4": "Роман Нойштедтер",
        "wrSlgAns5": "no_pic",
        "wrTxtAns5": "Гильерме"
    },
    {
        "type": 1,
        "textQue": "Кто был тренером сборной России на ЧМ-2002?",
        "slugQue": "pic_cm2002",
        "comment": "",
        "slugDlg": "pic_cm2002",
        "slugCorAns": "no_pic",
        "txtCorAns": "Олег Романцев",
        "wrSlgAns1": "no_pic",
        "wrTxtAns1": "Анатолий Бышовец",
        "wrSlgAns2": "no_pic",
        "wrTxtAns2": "Валерий Газзаев",
        "wrSlgAns3": "no_pic",
        "wrTxtAns3": "Павел Садырин",
        "wrSlgAns4": "no_pic",
        "wrTxtAns4": "Георгий Ярцев",
        "wrSlgAns5": "no_pic",
        "wrTxtAns5": "Юрий Сёмин"
    },
    {
        "type": 1,
        "textQue": "Кто забил победный гол за ЦСКА в финале Кубка УЕФА 2005 года?",
        "slugQue": "logo_uefa",
        "comment": "",
        "slugDlg": "logo_uefa",
        "slugCorAns": "no_pic",
        "txtCorAns": "Юрий Жирков",
        "wrSlgAns1": "no_pic",
        "wrTxtAns1": "Вагнер Лав",
        "wrSlgAns2": "no_pic",
        "wrTxtAns2": "Ивица Олич",
        "wrSlgAns3": "no_pic",
        "wrTxtAns3": "Евгений Алдонин",
        "wrSlgAns4": "no_pic",
        "wrTxtAns4": "Даниэл Карвальо",
        "wrSlgAns5": "no_pic",
        "wrTxtAns5": "Ролан Гусев"
    },
    {
        "type": 1,
        "textQue": "\"Я капитан команды...!\". Кому принадлежит эта фраза?",
        "slugQue": "flg_russia",
        "comment": "Во время игры с \"Москвой\" Овчинников был очень недоволен судейством. Тот матч стал последним в его карьере.",
        "slugDlg": "flg_russia",
        "slugCorAns": "no_pic",
        "txtCorAns": "Сергей Овчинников",
        "wrSlgAns1": "no_pic",
        "wrTxtAns1": "Руслан Нигматуллин",
        "wrSlgAns2": "no_pic",
        "wrTxtAns2": "Дмитрий Торбинский",
        "wrSlgAns3": "no_pic",
        "wrTxtAns3": "Роман Широков",
        "wrSlgAns4": "no_pic",
        "wrTxtAns4": "Артём Дзюба",
        "wrSlgAns5": "no_pic",
        "wrTxtAns5": "Сергей Игнашевич"
    },
    {
        "type": 3,
        "textQue": "За какой турецкий клуб выступал Артём Дзюба?",
        "slugQue": "no_pic",
        "comment": "",
        "slugDlg": "lm_dzuba",
        "slugCorAns": "no_pic",
        "txtCorAns": "Адана Демирспор",
        "wrSlgAns1": "no_pic",
        "wrTxtAns1": "Галатасарай",
        "wrSlgAns2": "no_pic",
        "wrTxtAns2": "Кайсериспор",
        "wrSlgAns3": "no_pic",
        "wrTxtAns3": "Антальяспор",
        "wrSlgAns4": "no_pic",
        "wrTxtAns4": "Истанбул Башакшехир",
        "wrSlgAns5": "no_pic",
        "wrTxtAns5": "Касымпаша"
    },
    {
        "type": 3,
        "textQue": "За какой из этих европейских клубов играл Динияр Билялетдинов?",
        "slugQue": "no_pic",
        "comment": "",
        "slugDlg": "flg_russia",
        "slugCorAns": "no_pic",
        "txtCorAns": "Эвертон",
        "wrSlgAns1": "no_pic",
        "wrTxtAns1": "Тоттенхэм",
        "wrSlgAns2": "no_pic",
        "wrTxtAns2": "Ливерпуль",
        "wrSlgAns3": "no_pic",
        "wrTxtAns3": "Астон Вилла",
        "wrSlgAns4": "no_pic",
        "wrTxtAns4": "Челси",
        "wrSlgAns5": "no_pic",
        "wrTxtAns5": "Ньюкасл"
    },
    {
        "type": 1,
        "textQue": "Кто был капитаном сборной России на ЧЕ-2008?",
        "slugQue": "pic_ce2008",
        "comment": "",
        "slugDlg": "zs_semak",
        "slugCorAns": "no_pic",
        "txtCorAns": "Сергей Семак",
        "wrSlgAns1": "no_pic",
        "wrTxtAns1": "Вячеслав Малафеев",
        "wrSlgAns2": "no_pic",
        "wrTxtAns2": "Роман Широков",
        "wrSlgAns3": "no_pic",
        "wrTxtAns3": "Константин Зырянов",
        "wrSlgAns4": "no_pic",
        "wrTxtAns4": "Андрей Аршавин",
        "wrSlgAns5": "no_pic",
        "wrTxtAns5": "Сергей Игнашевич"
    },
    {
        "type": 3,
        "textQue": "Какой из этих клубов никогда не тренировал Леонид Слуцкий?",
        "slugQue": "no_pic",
        "comment": "",
        "slugDlg": "cska_sluzky",
        "slugCorAns": "no_pic",
        "txtCorAns": "Виллем II",
        "wrSlgAns1": "no_pic",
        "wrTxtAns1": "Москва",
        "wrSlgAns2": "no_pic",
        "wrTxtAns2": "ЦСКА",
        "wrSlgAns3": "no_pic",
        "wrTxtAns3": "Витесс",
        "wrSlgAns4": "no_pic",
        "wrTxtAns4": "Рубин",
        "wrSlgAns5": "no_pic",
        "wrTxtAns5": "Халл Сити"
    },
    {
        "type": 3,
        "textQue": "Воспитанником какого клуба является Павел Погребняк?",
        "slugQue": "no_pic",
        "comment": "",
        "slugDlg": "logo_spartak",
        "slugCorAns": "no_pic",
        "txtCorAns": "Спартак Москва",
        "wrSlgAns1": "no_pic",
        "wrTxtAns1": "Динамо Москва",
        "wrSlgAns2": "no_pic",
        "wrTxtAns2": "Динамо Киев",
        "wrSlgAns3": "no_pic",
        "wrTxtAns3": "ЦСКА",
        "wrSlgAns4": "no_pic",
        "wrTxtAns4": "Локомотив",
        "wrSlgAns5": "no_pic",
        "wrTxtAns5": "Шахтёр"
    },
    {
        "type": 1,
        "textQue": "Какие клубы встречались в московском финале Лиги Чемпионов?",
        "slugQue": "logo_lc",
        "comment": "",
        "slugDlg": "logo_lc",
        "slugCorAns": "no_pic",
        "txtCorAns": "МЮ - Челси",
        "wrSlgAns1": "no_pic",
        "wrTxtAns1": "Бавария - Интер",
        "wrSlgAns2": "no_pic",
        "wrTxtAns2": "МЮ - Барселона",
        "wrSlgAns3": "no_pic",
        "wrTxtAns3": "Челси - Бавария",
        "wrSlgAns4": "no_pic",
        "wrTxtAns4": "Бавария - Боруссия",
        "wrSlgAns5": "no_pic",
        "wrTxtAns5": "Милан - Ливерпуль"
    },
    {
        "type": 1,
        "textQue": "За сколько матчей Сергей Галицкий дарит игрокам ФК Краснодар часы фирмы Rolex?",
        "slugQue": "logo_krasnodar",
        "comment": "Президент клуба Сергей Галицкий заявил, что все футболисты, сыгравшие 100 матчей за клуб, будут награждены памятными часами Rolex.",
        "slugDlg": "logo_krasnodar",
        "slugCorAns": "no_pic",
        "txtCorAns": "100 матчей",
        "wrSlgAns1": "no_pic",
        "wrTxtAns1": "50 матчей",
        "wrSlgAns2": "no_pic",
        "wrTxtAns2": "150 матчей",
        "wrSlgAns3": "no_pic",
        "wrTxtAns3": "200 матчей",
        "wrSlgAns4": "no_pic",
        "wrTxtAns4": "77 матчей",
        "wrSlgAns5": "no_pic",
        "wrTxtAns5": "66 матчей"
    },
    {
        "type": 5,
        "textQue": "Эмблема какого клуба заняла 8 место в рейтинге лучших футбольных эмблем журнала FourFourTwo?",
        "slugQue": "no_pic",
        "comment": "По версии британского футбольного журнала FourFourTwo вошла в десятку лучших футбольных эмблем мира, заняв 8 место",
        "slugDlg": "logo_cska",
        "slugCorAns": "logo_cska",
        "txtCorAns": "ЦСКА",
        "wrSlgAns1": "logo_zenit",
        "wrTxtAns1": "Зенит",
        "wrSlgAns2": "logo_spartak",
        "wrTxtAns2": "Спартак",
        "wrSlgAns3": "logo_lokomotiv",
        "wrTxtAns3": "Локомотив",
        "wrSlgAns4": "logo_akron",
        "wrTxtAns4": "Акрон",
        "wrSlgAns5": "logo_dinamo",
        "wrTxtAns5": "Динамо"
    },
    {
        "type": 1,
        "textQue": "На какой реке находится город, из которого клуб Крылья Советов?",
        "slugQue": "logo_ks",
        "comment": "",
        "slugDlg": "logo_ks",
        "slugCorAns": "no_pic",
        "txtCorAns": "Волга",
        "wrSlgAns1": "no_pic",
        "wrTxtAns1": "Ока",
        "wrSlgAns2": "no_pic",
        "wrTxtAns2": "Кама",
        "wrSlgAns3": "no_pic",
        "wrTxtAns3": "Обь",
        "wrSlgAns4": "no_pic",
        "wrTxtAns4": "Енисей",
        "wrSlgAns5": "no_pic",
        "wrTxtAns5": "Дон"
    },
    {
        "type": 3,
        "textQue": "В честь кого назван символический клуб, объединяющий футболистов, забивших 100 и более голов?",
        "slugQue": "no_pic",
        "comment": "Клуб назван в честь капитана команды ЦДКА, футболиста, первым преодолевшего рубеж в 100 забитых мячей в чемпионате, кубке и сборной СССР — Григория Федотова.",
        "slugDlg": "logo_cska",
        "slugCorAns": "no_pic",
        "txtCorAns": "Григорий Федотов",
        "wrSlgAns1": "no_pic",
        "wrTxtAns1": "Игорь Нетто",
        "wrSlgAns2": "no_pic",
        "wrTxtAns2": "Павел Садырин",
        "wrSlgAns3": "no_pic",
        "wrTxtAns3": "Анатолий Бышовец",
        "wrSlgAns4": "no_pic",
        "wrTxtAns4": "Олег Блохин",
        "wrSlgAns5": "no_pic",
        "wrTxtAns5": "Никита Симонян"
    },
    {
        "type": 1,
        "textQue": "В каком матче произошел курьезный случай, когда болельщик забил гол?",
        "slugQue": "logo_spartak",
        "comment": "",
        "slugDlg": "logo_spartak",
        "slugCorAns": "no_pic",
        "txtCorAns": "Сатурн - Спартак",
        "wrSlgAns1": "no_pic",
        "wrTxtAns1": "Алания - Спартак",
        "wrSlgAns2": "no_pic",
        "wrTxtAns2": "Спартак - ЦСКА",
        "wrSlgAns3": "no_pic",
        "wrTxtAns3": "Спартак - Зенит",
        "wrSlgAns4": "no_pic",
        "wrTxtAns4": "Уралан - Спартак",
        "wrSlgAns5": "no_pic",
        "wrTxtAns5": "Сокол - Спартак"
    },
    {
        "type": 1,
        "textQue": "Какой обладатель Золотого мяча тренировал Ахмат?",
        "slugQue": "logo_akhmat",
        "comment": "",
        "slugDlg": "logo_akhmat",
        "slugCorAns": "no_pic",
        "txtCorAns": "Рууд Гуллит",
        "wrSlgAns1": "no_pic",
        "wrTxtAns1": "Марко ван Бастен",
        "wrSlgAns2": "no_pic",
        "wrTxtAns2": "Лотар Маттеус",
        "wrSlgAns3": "no_pic",
        "wrTxtAns3": "Игорь Беланов",
        "wrSlgAns4": "no_pic",
        "wrTxtAns4": "Христо Стоичков",
        "wrSlgAns5": "no_pic",
        "wrTxtAns5": "Андрей Шевченко"
    },
    {
        "type": 1,
        "textQue": "Кто из этих футболистов никогда не играл за Локомотив?",
        "slugQue": "logo_lokomotiv",
        "comment": "Все эти футболисты играли за Локомотив, кроме Далера Кузяева  ",
        "slugDlg": "logo_lokomotiv",
        "slugCorAns": "no_pic",
        "txtCorAns": "Далер Кузяев",
        "wrSlgAns1": "no_pic",
        "wrTxtAns1": "Артём Дзюба",
        "wrSlgAns2": "no_pic",
        "wrTxtAns2": "Ари",
        "wrSlgAns3": "no_pic",
        "wrTxtAns3": "Фёдор Смолов",
        "wrSlgAns4": "no_pic",
        "wrTxtAns4": "Эдер",
        "wrSlgAns5": "no_pic",
        "wrTxtAns5": "Игорь Смольников"
    },
    {
        "type": 1,
        "textQue": "На этом стадионе состоялось Открытие Игр XXII Олимпиады в 1980 году",
        "slugQue": "pic_oi1980",
        "comment": "",
        "slugDlg": "std_lujniki",
        "slugCorAns": "no_pic",
        "txtCorAns": "Лужники",
        "wrSlgAns1": "no_pic",
        "wrTxtAns1": "Стадион им. Кирова",
        "wrSlgAns2": "no_pic",
        "wrTxtAns2": "Торпедо",
        "wrSlgAns3": "no_pic",
        "wrTxtAns3": "Динамо",
        "wrSlgAns4": "no_pic",
        "wrTxtAns4": "Локомотив",
        "wrSlgAns5": "no_pic",
        "wrTxtAns5": "Спартак"
    },
    {
        "type": 2,
        "textQue": "Какой клуб за один сезон в высшем двизионе России умудрился пропустить рекордные 89 голов?",
        "slugQue": "logo_rpl",
        "comment": "В 1998 году \"Тюмень\" набрала лишь 8 очков в ЧР и вылетела. С тех пор в высшую лигу клуб не поднимался.",
        "slugDlg": "logo_tumen",
        "slugCorAns": "logo_tumen",
        "txtCorAns": "Тюмень",
        "wrSlgAns1": "logo_sokol",
        "wrTxtAns1": "Сокол",
        "wrSlgAns2": "logo_uralan",
        "wrTxtAns2": "Уралан",
        "wrSlgAns3": "logo_ks",
        "wrTxtAns3": "Крылья Советов",
        "wrSlgAns4": "logo_tom",
        "wrTxtAns4": "Томь",
        "wrSlgAns5": "logo_tosno",
        "wrTxtAns5": "Тосно"
    },
    {
        "type": 1,
        "textQue": "Какой российский футболист становился чемпионом России в трёх разных клубах?",
        "slugQue": "logo_rpl",
        "comment": "Сергей Семак - единственный игрок, становившийся чемпионом России в составе трёх команд.",
        "slugDlg": "zs_semak",
        "slugCorAns": "no_pic",
        "txtCorAns": "Сергей Семак",
        "wrSlgAns1": "no_pic",
        "wrTxtAns1": "Сергей Игнашевич",
        "wrSlgAns2": "no_pic",
        "wrTxtAns2": "Игорь Семшов",
        "wrSlgAns3": "no_pic",
        "wrTxtAns3": "Артём Дзюба",
        "wrSlgAns4": "no_pic",
        "wrTxtAns4": "Александр Самедов",
        "wrSlgAns5": "no_pic",
        "wrTxtAns5": "Константин Зырянов"
    },
    {
        "type": 3,
        "textQue": "На какой позиции играл Валерий Газзаев?",
        "slugQue": "no_pic",
        "comment": "",
        "slugDlg": "flg_russia",
        "slugCorAns": "no_pic",
        "txtCorAns": "Нападающий",
        "wrSlgAns1": "no_pic",
        "wrTxtAns1": "Либеро",
        "wrSlgAns2": "no_pic",
        "wrTxtAns2": "Вратарь",
        "wrSlgAns3": "no_pic",
        "wrTxtAns3": "Центральный защитник",
        "wrSlgAns4": "no_pic",
        "wrTxtAns4": "Крайний защитник",
        "wrSlgAns5": "no_pic",
        "wrTxtAns5": "Полузащитник"
    },
    {
        "type": 1,
        "textQue": "Против кого сборная России одержала единственную победу на ЧЕ-2004?",
        "slugQue": "pic_ce2004",
        "comment": "",
        "slugDlg": "pic_ce2004",
        "slugCorAns": "no_pic",
        "txtCorAns": "Греция",
        "wrSlgAns1": "no_pic",
        "wrTxtAns1": "Испания",
        "wrSlgAns2": "no_pic",
        "wrTxtAns2": "Бельгия",
        "wrSlgAns3": "no_pic",
        "wrTxtAns3": "Словакия",
        "wrSlgAns4": "no_pic",
        "wrTxtAns4": "Швеция",
        "wrSlgAns5": "no_pic",
        "wrTxtAns5": "Италия"
    },
    {
        "type": 1,
        "textQue": "Как называется российская спортивная комедия 2008 года, в которой сборная России выигрывает ЧМ-2018 у себя дома?",
        "slugQue": "flg_russia",
        "comment": "Слоган фильма: «Хотите увидеть, как сборная России выигрывает Чемпионат мира по футболу?».",
        "slugDlg": "flg_russia",
        "slugCorAns": "no_pic",
        "txtCorAns": "Игра",
        "wrSlgAns1": "no_pic",
        "wrTxtAns1": "Футбол",
        "wrSlgAns2": "no_pic",
        "wrTxtAns2": "Победа",
        "wrSlgAns3": "no_pic",
        "wrTxtAns3": "Россия",
        "wrSlgAns4": "no_pic",
        "wrTxtAns4": "Чемпионы",
        "wrSlgAns5": "no_pic",
        "wrTxtAns5": "Матч"
    },
    {
        "type": 1,
        "textQue": "С кем играла сборная России в стыковых матчах на ЧМ-1998?",
        "slugQue": "flg_russia",
        "comment": "",
        "slugDlg": "flg_russia",
        "slugCorAns": "no_pic",
        "txtCorAns": "Италия",
        "wrSlgAns1": "no_pic",
        "wrTxtAns1": "Словакия",
        "wrSlgAns2": "no_pic",
        "wrTxtAns2": "Уругвай",
        "wrSlgAns3": "no_pic",
        "wrTxtAns3": "Чили",
        "wrSlgAns4": "no_pic",
        "wrTxtAns4": "Мексика",
        "wrSlgAns5": "no_pic",
        "wrTxtAns5": "Австралия"
    },
    {
        "type": 1,
        "textQue": "Кто является автором музыки для гимна московского Спартака?",
        "slugQue": "logo_spartak",
        "comment": "",
        "slugDlg": "logo_spartak",
        "slugCorAns": "no_pic",
        "txtCorAns": "Виктор Дробыш",
        "wrSlgAns1": "no_pic",
        "wrTxtAns1": "Павел Зингер",
        "wrSlgAns2": "no_pic",
        "wrTxtAns2": "Сергей Ляпунов",
        "wrSlgAns3": "no_pic",
        "wrTxtAns3": "Михаил Петухов",
        "wrSlgAns4": "no_pic",
        "wrTxtAns4": "Анатолий Герасимов",
        "wrSlgAns5": "no_pic",
        "wrTxtAns5": "Григорий Смирнов"
    },
    {
        "type": 1,
        "textQue": "Кто этот футболист?",
        "slugQue": "dm_fomin",
        "comment": "Полузащитник",
        "slugDlg": "dm_fomin",
        "slugCorAns": "no_pic",
        "txtCorAns": "Даниил Фомин",
        "wrSlgAns1": "no_pic",
        "wrTxtAns1": "Даниил Лесовой",
        "wrSlgAns2": "no_pic",
        "wrTxtAns2": "Лука Гагнидзе",
        "wrSlgAns3": "no_pic",
        "wrTxtAns3": "Александр Кутицкий",
        "wrSlgAns4": "no_pic",
        "wrTxtAns4": "Денис Макаров",
        "wrSlgAns5": "no_pic",
        "wrTxtAns5": "Вячеслав Грулев"
    },
    {
        "type": 1,
        "textQue": "Кто этот футболист?",
        "slugQue": "ro_sako",
        "comment": "Защитник",
        "slugDlg": "ro_sako",
        "slugCorAns": "no_pic",
        "txtCorAns": "Умар Сако",
        "wrSlgAns1": "no_pic",
        "wrTxtAns1": "Роналдо",
        "wrSlgAns2": "no_pic",
        "wrTxtAns2": "Мохаммад Мохеби",
        "wrSlgAns3": "no_pic",
        "wrTxtAns3": "Жоау Баши",
        "wrSlgAns4": "no_pic",
        "wrTxtAns4": "Кади",
        "wrSlgAns5": "no_pic",
        "wrTxtAns5": "Мойзес Барбоса"
    },
    {
        "type": 1,
        "textQue": "Кто этот футболист?",
        "slugQue": "akh_shelija",
        "comment": "Вратарь",
        "slugDlg": "akh_shelija",
        "slugCorAns": "no_pic",
        "txtCorAns": "Гиорги Шелия",
        "wrSlgAns1": "no_pic",
        "wrTxtAns1": "Ризван Ташаев",
        "wrSlgAns2": "no_pic",
        "wrTxtAns2": "Михаил Опарин",
        "wrSlgAns3": "no_pic",
        "wrTxtAns3": "Ризван Уциев",
        "wrSlgAns4": "no_pic",
        "wrTxtAns4": "Минкаил Мацуев",
        "wrSlgAns5": "no_pic",
        "wrTxtAns5": "Гамид Агаларов"
    },
    {
        "type": 1,
        "textQue": "Кто этот футболист?",
        "slugQue": "sm_zhoze",
        "comment": "Нападающий",
        "slugDlg": "sm_zhoze",
        "slugCorAns": "no_pic",
        "txtCorAns": "Виллиан Жозе",
        "wrSlgAns1": "no_pic",
        "wrTxtAns1": "Тео Богонда",
        "wrSlgAns2": "no_pic",
        "wrTxtAns2": "Даниил Зорин",
        "wrSlgAns3": "no_pic",
        "wrTxtAns3": "Манфред Угальде",
        "wrSlgAns4": "no_pic",
        "wrTxtAns4": "Павел Мелешин",
        "wrSlgAns5": "no_pic",
        "wrTxtAns5": "Хесус Медина"
    },
    {
        "type": 1,
        "textQue": "Кто этот футболист?",
        "slugQue": "cska_mendes",
        "comment": "Полузащитник",
        "slugDlg": "cska_mendes",
        "slugCorAns": "no_pic",
        "txtCorAns": "Виктор Мендес",
        "wrSlgAns1": "no_pic",
        "wrTxtAns1": "Милан Гайич",
        "wrSlgAns2": "no_pic",
        "wrTxtAns2": "Мойзес Барбоса",
        "wrSlgAns3": "no_pic",
        "wrTxtAns3": "Саша Зделар",
        "wrSlgAns4": "no_pic",
        "wrTxtAns4": "Секу Койта",
        "wrSlgAns5": "no_pic",
        "wrTxtAns5": "Кристиян Бистрович"
    },
    {
        "type": 1,
        "textQue": "Кто этот футболист?",
        "slugQue": "nn_turbo",
        "comment": "Нападающий",
        "slugDlg": "nn_turbo",
        "slugCorAns": "no_pic",
        "txtCorAns": "Зе Турбо",
        "wrSlgAns1": "no_pic",
        "wrTxtAns1": "Хуан Боселли",
        "wrSlgAns2": "no_pic",
        "wrTxtAns2": "Дмитрий Калайда",
        "wrSlgAns3": "no_pic",
        "wrTxtAns3": "Майга Мамаду",
        "wrSlgAns4": "no_pic",
        "wrTxtAns4": "Матео Стаматов",
        "wrSlgAns5": "no_pic",
        "wrTxtAns5": "Николоз Кутателадзе"
    },
    {
        "type": 1,
        "textQue": "Чья это эмблема?",
        "slugQue": "logo_asmaral_t",
        "comment": "",
        "slugDlg": "logo_asmaral",
        "slugCorAns": "no_pic",
        "txtCorAns": "Асмарал",
        "wrSlgAns1": "no_pic",
        "wrTxtAns1": "Текстильщик Камышин",
        "wrSlgAns2": "no_pic",
        "wrTxtAns2": "Арарат Москва",
        "wrSlgAns3": "no_pic",
        "wrTxtAns3": "Автодор Владикавказ",
        "wrSlgAns4": "no_pic",
        "wrTxtAns4": "Кайрат Москва",
        "wrSlgAns5": "no_pic",
        "wrTxtAns5": "Кубань"
    },
    {
        "type": 1,
        "textQue": "Чья это эмблема?",
        "slugQue": "logo_kuban_old_t",
        "comment": "",
        "slugDlg": "logo_kuban_old",
        "slugCorAns": "no_pic",
        "txtCorAns": "Кубань",
        "wrSlgAns1": "no_pic",
        "wrTxtAns1": "Луч Владивосток",
        "wrSlgAns2": "no_pic",
        "wrTxtAns2": "Ессентуки",
        "wrSlgAns3": "no_pic",
        "wrTxtAns3": "Звезда Пермь",
        "wrSlgAns4": "no_pic",
        "wrTxtAns4": "Волга НН",
        "wrSlgAns5": "no_pic",
        "wrTxtAns5": "Тамбов"
    },
    {
        "type": 1,
        "textQue": "Чья это эмблема?",
        "slugQue": "logo_rodmedia_t",
        "comment": "",
        "slugDlg": "logo_rodmedia",
        "slugCorAns": "no_pic",
        "txtCorAns": "Родина Медиа",
        "wrSlgAns1": "no_pic",
        "wrTxtAns1": "Амкал",
        "wrSlgAns2": "no_pic",
        "wrTxtAns2": "Бей Беги",
        "wrSlgAns3": "no_pic",
        "wrTxtAns3": "Эгриси",
        "wrSlgAns4": "no_pic",
        "wrTxtAns4": "Титан",
        "wrSlgAns5": "no_pic",
        "wrTxtAns5": "Кони"
    },
    {
        "type": 1,
        "textQue": "Чья эта эмблема?",
        "slugQue": "logo_khimik_t",
        "comment": "",
        "slugDlg": "logo_khimik",
        "slugCorAns": "no_pic",
        "txtCorAns": "Химик",
        "wrSlgAns1": "no_pic",
        "wrTxtAns1": "Торпедо Миасс",
        "wrSlgAns2": "no_pic",
        "wrTxtAns2": "Машук-КМВ",
        "wrSlgAns3": "no_pic",
        "wrTxtAns3": "Волга Ульяновск",
        "wrSlgAns4": "no_pic",
        "wrTxtAns4": "Знамя Труда",
        "wrSlgAns5": "no_pic",
        "wrTxtAns5": "Новосибирск"
    },
    {
        "type": 1,
        "textQue": "Кто является спортивным талиманом ФК Пари НН?",
        "slugQue": "logo_pari",
        "comment": "Болельщики выбрали талисман в 2020 году",
        "slugDlg": "mas_nn",
        "slugCorAns": "no_pic",
        "txtCorAns": "Воин со щитом",
        "wrSlgAns1": "no_pic",
        "wrTxtAns1": "Гладиатор",
        "wrSlgAns2": "no_pic",
        "wrTxtAns2": "Царь",
        "wrSlgAns3": "no_pic",
        "wrTxtAns3": "Голубой мяч",
        "wrSlgAns4": "no_pic",
        "wrTxtAns4": "Крыса",
        "wrSlgAns5": "no_pic",
        "wrTxtAns5": "Лев"
    }
]