[
    {
        "type": 1,
        "textQue": "Кто был основным вратарём сборной СССР на ЧМ-1970?",
        "slugQue": "flg_ussr",
        "comment": "Анзор Кавазашвили провёл на турнире 4 матча, пропустил 2 гола. Сборная СССР вылетела в четвертьфинале от сборной Уругвая из-за спорно засчитанного мяча южноамериканцев.",
        "slugDlg": "flg_ussr",
        "slugCorAns": "no_pic",
        "txtCorAns": "Анзор Кавазашвили",
        "wrSlgAns1": "no_pic",
        "wrTxtAns1": "Дмитрий Харин",
        "wrSlgAns2": "no_pic",
        "wrTxtAns2": "Лев Яшин",
        "wrSlgAns3": "no_pic",
        "wrTxtAns3": "Рамаз Урушадзе",
        "wrSlgAns4": "no_pic",
        "wrTxtAns4": "Владимир Беляев",
        "wrSlgAns5": "no_pic",
        "wrTxtAns5": "Сергей Котрикадзе"
    },
    {
        "type": 1,
        "textQue": "На каком из этих Чемпионатов Мира сборная СССР не принимала участие?",
        "slugQue": "cup_cm",
        "comment": "Сборная СССР должна была играть в стыковых матчах со сборной Чили, но из-за военного переворота в Чили отказалась играть матч на выезде и путёвка была отдана южноамериканцам",
        "slugDlg": "cup_cm",
        "slugCorAns": "no_pic",
        "txtCorAns": 1974,
        "wrSlgAns1": "no_pic",
        "wrTxtAns1": 1986,
        "wrSlgAns2": "no_pic",
        "wrTxtAns2": 1966,
        "wrSlgAns3": "no_pic",
        "wrTxtAns3": 1962,
        "wrSlgAns4": "no_pic",
        "wrTxtAns4": 1958,
        "wrSlgAns5": "no_pic",
        "wrTxtAns5": 1982
    },
    {
        "type": 1,
        "textQue": "Кого из этих футболистов не было в заявке сборной России на ЧЕ-2008?",
        "slugQue": "pic_ce2008",
        "comment": "",
        "slugDlg": "zs_kerzhakov_lg",
        "slugCorAns": "no_pic",
        "txtCorAns": "Александр Кержаков",
        "wrSlgAns1": "no_pic",
        "wrTxtAns1": "Дмитрий Торбинский",
        "wrSlgAns2": "no_pic",
        "wrTxtAns2": "Динияр Билялетдинов",
        "wrSlgAns3": "no_pic",
        "wrTxtAns3": "Владимир Быстров",
        "wrSlgAns4": "no_pic",
        "wrTxtAns4": "Роман Адамов",
        "wrSlgAns5": "no_pic",
        "wrTxtAns5": "Дмитрий Сычёв"
    },
    {
        "type": 1,
        "textQue": "Кто был тренером сборной СССР на ЧМ-1966?",
        "slugQue": "cup_cm",
        "comment": "",
        "slugDlg": "cup_cm",
        "slugCorAns": "no_pic",
        "txtCorAns": "Николай Морозов",
        "wrSlgAns1": "no_pic",
        "wrTxtAns1": "Михаил Якушин",
        "wrSlgAns2": "no_pic",
        "wrTxtAns2": "Гавриил Качалин",
        "wrSlgAns3": "no_pic",
        "wrTxtAns3": "Никита Симонян",
        "wrSlgAns4": "no_pic",
        "wrTxtAns4": "Константин Бесков",
        "wrSlgAns5": "no_pic",
        "wrTxtAns5": "Александр Пономарёв"
    },
    {
        "type": 1,
        "textQue": "В каком году состоялся первый зарегистрированный футбольный матч в России?",
        "slugQue": "flg_russia",
        "comment": "24 октября 1897 года в России состоялся первый официально зарегистрированный футбольный матч между английской командой и русским Спортом. Встреча закончилась со счётом 6:0 в пользу англичан",
        "slugDlg": "flg_russia",
        "slugCorAns": "no_pic",
        "txtCorAns": 1897,
        "wrSlgAns1": "no_pic",
        "wrTxtAns1": 1902,
        "wrSlgAns2": "no_pic",
        "wrTxtAns2": 1905,
        "wrSlgAns3": "no_pic",
        "wrTxtAns3": 1922,
        "wrSlgAns4": "no_pic",
        "wrTxtAns4": 1892,
        "wrSlgAns5": "no_pic",
        "wrTxtAns5": 1895
    },
    {
        "type": 3,
        "textQue": "Из какого клуба в 2004 году Вагнер Лав перешёл в ЦСКА?",
        "slugQue": "no_pic",
        "comment": "",
        "slugDlg": "flg_russia",
        "slugCorAns": "no_pic",
        "txtCorAns": "Палмейрас",
        "wrSlgAns1": "no_pic",
        "wrTxtAns1": "Сантос",
        "wrSlgAns2": "no_pic",
        "wrTxtAns2": "Сан-Паулу",
        "wrSlgAns3": "no_pic",
        "wrTxtAns3": "Крузейро",
        "wrSlgAns4": "no_pic",
        "wrTxtAns4": "Фламенго",
        "wrSlgAns5": "no_pic",
        "wrTxtAns5": "Спортинг"
    },
    {
        "type": 3,
        "textQue": "За какой из этих европейских клубов играл Дмитрий Черышев?",
        "slugQue": "no_pic",
        "comment": "",
        "slugDlg": "flg_russia",
        "slugCorAns": "no_pic",
        "txtCorAns": "Спортинг Хихон",
        "wrSlgAns1": "no_pic",
        "wrTxtAns1": "Реал Мадрид",
        "wrSlgAns2": "no_pic",
        "wrTxtAns2": "Осасуна",
        "wrSlgAns3": "no_pic",
        "wrTxtAns3": "Севилья",
        "wrSlgAns4": "no_pic",
        "wrTxtAns4": "Валенсия",
        "wrSlgAns5": "no_pic",
        "wrTxtAns5": "Эспаньол"
    },
    {
        "type": 1,
        "textQue": "Кто из этих советских футболистов становился обладателем Золотого Мяча?",
        "slugQue": "flg_ussr",
        "comment": "",
        "slugDlg": "flg_ussr",
        "slugCorAns": "no_pic",
        "txtCorAns": "Олег Блохин",
        "wrSlgAns1": "no_pic",
        "wrTxtAns1": "Анатолий Бышовец",
        "wrSlgAns2": "no_pic",
        "wrTxtAns2": "Эдуард Стрельцов",
        "wrSlgAns3": "no_pic",
        "wrTxtAns3": "Федор Черенков",
        "wrSlgAns4": "no_pic",
        "wrTxtAns4": "Анатолий Демьяненко",
        "wrSlgAns5": "no_pic",
        "wrTxtAns5": "Игорь Нетто"
    },
    {
        "type": 1,
        "textQue": "Кто забил первый в истории сборной России гол в официальном матче?",
        "slugQue": "flg_russia",
        "comment": "14 октября 1992 г. Россия - Исландия 1:0 ОЧМ (Сергей Юран 65')",
        "slugDlg": "flg_russia",
        "slugCorAns": "no_pic",
        "txtCorAns": "Сергей Юран",
        "wrSlgAns1": "no_pic",
        "wrTxtAns1": "Валерий Карпин",
        "wrSlgAns2": "no_pic",
        "wrTxtAns2": "Александр Мостовой",
        "wrSlgAns3": "no_pic",
        "wrTxtAns3": "Виктор Онопко",
        "wrSlgAns4": "no_pic",
        "wrTxtAns4": "Игорь Шалимов",
        "wrSlgAns5": "no_pic",
        "wrTxtAns5": "Игорь Добровольский"
    },
    {
        "type": 1,
        "textQue": "В каком году сборная СССР выиграла юношеский Чемпионат Мира по футболу U-17?",
        "slugQue": "flg_ussr",
        "comment": "",
        "slugDlg": "flg_ussr",
        "slugCorAns": "no_pic",
        "txtCorAns": 1987,
        "wrSlgAns1": "no_pic",
        "wrTxtAns1": 1989,
        "wrSlgAns2": "no_pic",
        "wrTxtAns2": 1985,
        "wrSlgAns3": "no_pic",
        "wrTxtAns3": 1983,
        "wrSlgAns4": "no_pic",
        "wrTxtAns4": 1981,
        "wrSlgAns5": "no_pic",
        "wrTxtAns5": 1979
    },
    {
        "type": 1,
        "textQue": "Какое название носил клуб Рубин в 1958-1964 годах?",
        "slugQue": "logo_rubin",
        "comment": "Клуб Рубин основан 20 апреля 1958 года под названием Искра",
        "slugDlg": "logo_rubin",
        "slugCorAns": "no_pic",
        "txtCorAns": "Искра",
        "wrSlgAns1": "no_pic",
        "wrTxtAns1": "Салют",
        "wrSlgAns2": "no_pic",
        "wrTxtAns2": "Сокол",
        "wrSlgAns3": "no_pic",
        "wrTxtAns3": "Дракон",
        "wrSlgAns4": "no_pic",
        "wrTxtAns4": "Арсенал",
        "wrSlgAns5": "no_pic",
        "wrTxtAns5": "Казань"
    },
    {
        "type": 1,
        "textQue": "Кто из бывших игроков Спартака является членом списка ФИФА 100?",
        "slugQue": "logo_spartak",
        "comment": "Ринат Дасаев находится на 27 месте среди лучших футболистов всех времен по мнению легенды Пеле",
        "slugDlg": "logo_spartak",
        "slugCorAns": "no_pic",
        "txtCorAns": "Ринат Дасаев",
        "wrSlgAns1": "no_pic",
        "wrTxtAns1": "Валерий Карпин",
        "wrSlgAns2": "no_pic",
        "wrTxtAns2": "Александр Мостовой",
        "wrSlgAns3": "no_pic",
        "wrTxtAns3": "Дмитрий Аленичев",
        "wrSlgAns4": "no_pic",
        "wrTxtAns4": "Виктор Онопко",
        "wrSlgAns5": "no_pic",
        "wrTxtAns5": "Андрей Старостин"
    },
    {
        "type": 1,
        "textQue": "Какой известный тренер является президентом Динамо Махачкала?",
        "slugQue": "logo_dinamo_mah",
        "comment": "",
        "slugDlg": "logo_dinamo_mah",
        "slugCorAns": "no_pic",
        "txtCorAns": "Гаджи Гаджиев",
        "wrSlgAns1": "no_pic",
        "wrTxtAns1": "Курбан Бердыев",
        "wrSlgAns2": "no_pic",
        "wrTxtAns2": "Александр Тарханов",
        "wrSlgAns3": "no_pic",
        "wrTxtAns3": "Валерий Газзаев",
        "wrSlgAns4": "no_pic",
        "wrTxtAns4": "Юрий Сёмин",
        "wrSlgAns5": "no_pic",
        "wrTxtAns5": "Миодраг Божович"
    },
    {
        "type": 1,
        "textQue": "В каком сезоне Ахмат представлял Россию в еврокубках?",
        "slugQue": "logo_akhmat",
        "comment": "Сезон 2004/2005",
        "slugDlg": "logo_akhmat",
        "slugCorAns": "no_pic",
        "txtCorAns": "2004/05",
        "wrSlgAns1": "no_pic",
        "wrTxtAns1": "1996/97",
        "wrSlgAns2": "no_pic",
        "wrTxtAns2": "2009/10",
        "wrSlgAns3": "no_pic",
        "wrTxtAns3": "1994/95",
        "wrSlgAns4": "no_pic",
        "wrTxtAns4": "2001/02",
        "wrSlgAns5": "no_pic",
        "wrTxtAns5": "2006/07"
    },
    {
        "type": 3,
        "textQue": "У какого из этих клубов на эмблеме нет синего цвета?",
        "slugQue": "no_pic",
        "comment": "",
        "slugDlg": "logo_khimki",
        "slugCorAns": "no_pic",
        "txtCorAns": "Химки",
        "wrSlgAns1": "no_pic",
        "wrTxtAns1": "Ростов",
        "wrSlgAns2": "no_pic",
        "wrTxtAns2": "Оренбург",
        "wrSlgAns3": "no_pic",
        "wrTxtAns3": "Пари НН",
        "wrSlgAns4": "no_pic",
        "wrTxtAns4": "Крылья Советов",
        "wrSlgAns5": "no_pic",
        "wrTxtAns5": "ЦСКА"
    },
    {
        "type": 1,
        "textQue": "Этот тренер провел у руля сборной России всего 5 месяцев и проиграл все 6 матчей?",
        "slugQue": "flg_russia",
        "comment": "",
        "slugDlg": "flg_russia",
        "slugCorAns": "no_pic",
        "txtCorAns": "Анатолий Бышовец",
        "wrSlgAns1": "no_pic",
        "wrTxtAns1": "Александр Тарханов",
        "wrSlgAns2": "no_pic",
        "wrTxtAns2": "Сергей Павлов",
        "wrSlgAns3": "no_pic",
        "wrTxtAns3": "Олег Долматов",
        "wrSlgAns4": "no_pic",
        "wrTxtAns4": "Виталий Шевченко",
        "wrSlgAns5": "no_pic",
        "wrTxtAns5": "Валерий Петраков"
    },
    {
        "type": 1,
        "textQue": "Как называется клуб, объединяющий советских и российских футболистов, сыгравших за карьеру 50 и более матчей за сборные команды СССР, СНГ и России?",
        "slugQue": "flg_ussr",
        "comment": "",
        "slugDlg": "flg_ussr",
        "slugCorAns": "no_pic",
        "txtCorAns": "Клуб Игоря Нетто",
        "wrSlgAns1": "no_pic",
        "wrTxtAns1": "Клуб Виктора Понедельника",
        "wrSlgAns2": "no_pic",
        "wrTxtAns2": "Клуб Фёдора Черенкова",
        "wrSlgAns3": "no_pic",
        "wrTxtAns3": "Клуб Никиты Симоняна",
        "wrSlgAns4": "no_pic",
        "wrTxtAns4": "Клуб Николая Морозова",
        "wrSlgAns5": "no_pic",
        "wrTxtAns5": "Клуб Константина Бескова"
    },
    {
        "type": 1,
        "textQue": "Какой сборной на ЧМ-1994 Олег Саенко забил пента-трик (5 мячей)?",
        "slugQue": "flg_russia",
        "comment": "",
        "slugDlg": "flg_russia",
        "slugCorAns": "no_pic",
        "txtCorAns": "Камерун",
        "wrSlgAns1": "no_pic",
        "wrTxtAns1": "Замбия",
        "wrSlgAns2": "no_pic",
        "wrTxtAns2": "Сенегал",
        "wrSlgAns3": "no_pic",
        "wrTxtAns3": "Алжир",
        "wrSlgAns4": "no_pic",
        "wrTxtAns4": "Нигерия",
        "wrSlgAns5": "no_pic",
        "wrTxtAns5": "Зимбабве"
    },
    {
        "type": 1,
        "textQue": "Кто сейчас является главой лиги РПЛ?",
        "slugQue": "logo_rpl",
        "comment": "",
        "slugDlg": "logo_rpl",
        "slugCorAns": "no_pic",
        "txtCorAns": "Александр Алаев",
        "wrSlgAns1": "no_pic",
        "wrTxtAns1": "Виталий Мутко",
        "wrSlgAns2": "no_pic",
        "wrTxtAns2": "Вячеслав Колосков",
        "wrSlgAns3": "no_pic",
        "wrTxtAns3": "Сергей Прядкин",
        "wrSlgAns4": "no_pic",
        "wrTxtAns4": "Николай Толстых",
        "wrSlgAns5": "no_pic",
        "wrTxtAns5": "Александр Дюков"
    },
    {
        "type": 1,
        "textQue": "Сколько всего разных команд участвовало в РПЛ?",
        "slugQue": "logo_rpl",
        "comment": "",
        "slugDlg": "logo_rpl",
        "slugCorAns": "no_pic",
        "txtCorAns": 41,
        "wrSlgAns1": "no_pic",
        "wrTxtAns1": 30,
        "wrSlgAns2": "no_pic",
        "wrTxtAns2": 52,
        "wrSlgAns3": "no_pic",
        "wrTxtAns3": 37,
        "wrSlgAns4": "no_pic",
        "wrTxtAns4": 33,
        "wrSlgAns5": "no_pic",
        "wrTxtAns5": 60
    },
    {
        "type": 1,
        "textQue": "Кого из этих футболистов не было в основном составе ЦСКА на финал Кубка УЕФА 2005?",
        "slugQue": "logo_uefa",
        "comment": "",
        "slugDlg": "logo_uefa",
        "slugCorAns": "no_pic",
        "txtCorAns": "Ролан Гусев",
        "wrSlgAns1": "no_pic",
        "wrTxtAns1": "Юрий Жирков",
        "wrSlgAns2": "no_pic",
        "wrTxtAns2": "Ивица Олич",
        "wrSlgAns3": "no_pic",
        "wrTxtAns3": "Алексей Березуцкий",
        "wrSlgAns4": "no_pic",
        "wrTxtAns4": "Чиди Одиа",
        "wrSlgAns5": "no_pic",
        "wrTxtAns5": "Элвир Рахимич"
    },
    {
        "type": 3,
        "textQue": "Кто стал первым обладателем трофея Льва Яшина?",
        "slugQue": "no_pic",
        "comment": "",
        "slugDlg": "flg_ussr",
        "slugCorAns": "no_pic",
        "txtCorAns": "Аллисон",
        "wrSlgAns1": "no_pic",
        "wrTxtAns1": "Эдерсон",
        "wrSlgAns2": "no_pic",
        "wrTxtAns2": "Джанлуиджи Доннарумма",
        "wrSlgAns3": "no_pic",
        "wrTxtAns3": "Эдуар Менди",
        "wrSlgAns4": "no_pic",
        "wrTxtAns4": "Ян Облак",
        "wrSlgAns5": "no_pic",
        "wrTxtAns5": "Тибо Куртуа"
    },
    {
        "type": 1,
        "textQue": "С какого сезона в РПЛ используется система ВАР?",
        "slugQue": "logo_rpl",
        "comment": "",
        "slugDlg": "logo_rpl",
        "slugCorAns": "no_pic",
        "txtCorAns": "2019/20",
        "wrSlgAns1": "no_pic",
        "wrTxtAns1": "2018/19",
        "wrSlgAns2": "no_pic",
        "wrTxtAns2": "2017/18",
        "wrSlgAns3": "no_pic",
        "wrTxtAns3": "2020/21",
        "wrSlgAns4": "no_pic",
        "wrTxtAns4": "2021/22",
        "wrSlgAns5": "no_pic",
        "wrTxtAns5": "2016/17"
    },
    {
        "type": 3,
        "textQue": "Какой комментатор является автором данной фразы \"Колодин, пушка страшная, у него!\"?",
        "slugQue": "no_pic",
        "comment": "",
        "slugDlg": "flg_russia",
        "slugCorAns": "no_pic",
        "txtCorAns": "Георгий Черданцев",
        "wrSlgAns1": "no_pic",
        "wrTxtAns1": "Василий Уткин",
        "wrSlgAns2": "no_pic",
        "wrTxtAns2": "Владимир Стогниенко",
        "wrSlgAns3": "no_pic",
        "wrTxtAns3": "Денис Казанский",
        "wrSlgAns4": "no_pic",
        "wrTxtAns4": "Константин Генич",
        "wrSlgAns5": "no_pic",
        "wrTxtAns5": "Дмитрий Губерниев"
    },
    {
        "type": 1,
        "textQue": "Какая футбольная сборная завоевала золотые медали на Летней Олимпиаде 1980 в Москве?",
        "slugQue": "flg_ussr",
        "comment": "",
        "slugDlg": "flg_ussr",
        "slugCorAns": "no_pic",
        "txtCorAns": "Чехословакия",
        "wrSlgAns1": "no_pic",
        "wrTxtAns1": "Югославия",
        "wrSlgAns2": "no_pic",
        "wrTxtAns2": "ГДР",
        "wrSlgAns3": "no_pic",
        "wrTxtAns3": "Ирак",
        "wrSlgAns4": "no_pic",
        "wrTxtAns4": "Финляндия",
        "wrSlgAns5": "no_pic",
        "wrTxtAns5": "Испания"
    },
    {
        "type": 1,
        "textQue": "Каким российским клубом руководит главный герой фильма \"Тренер\" Юрий Столешников?",
        "slugQue": "flg_russia",
        "comment": "",
        "slugDlg": "flg_russia",
        "slugCorAns": "no_pic",
        "txtCorAns": "Метеор",
        "wrSlgAns1": "no_pic",
        "wrTxtAns1": "Сокол",
        "wrSlgAns2": "no_pic",
        "wrTxtAns2": "Крепость",
        "wrSlgAns3": "no_pic",
        "wrTxtAns3": "Камета",
        "wrSlgAns4": "no_pic",
        "wrTxtAns4": "Ракета",
        "wrSlgAns5": "no_pic",
        "wrTxtAns5": "Космос"
    },
    {
        "type": 1,
        "textQue": "Какая российская футболистка попала в команду 10 лучших игроков проекта \"Их выбрал Месси\"?",
        "slugQue": "flg_russia",
        "comment": "В рамках проекта \"Их выбрал Месси\" знаменитый аргентинский форвард ежегодно отбирает десять самых талантливых на его взгляд молодых игроков со всего мира",
        "slugDlg": "flg_russia",
        "slugCorAns": "no_pic",
        "txtCorAns": "Надежда Карпова",
        "wrSlgAns1": "no_pic",
        "wrTxtAns1": "Анна Беломытцева",
        "wrSlgAns2": "no_pic",
        "wrTxtAns2": "Эльвира Тодуа",
        "wrSlgAns3": "no_pic",
        "wrTxtAns3": "Анна Кожникова",
        "wrSlgAns4": "no_pic",
        "wrTxtAns4": "Ксения Коваленко",
        "wrSlgAns5": "no_pic",
        "wrTxtAns5": "Маргарита Черномырдина"
    },
    {
        "type": 1,
        "textQue": "Кто считается основателем футбола и олимпийского движения в России, первым российским футбольным судьёй и спортивным журналистом?",
        "slugQue": "flg_russia",
        "comment": "",
        "slugDlg": "flg_russia",
        "slugCorAns": "no_pic",
        "txtCorAns": "Георгий Дюперрон ",
        "wrSlgAns1": "no_pic",
        "wrTxtAns1": "Михаил Ромм",
        "wrSlgAns2": "no_pic",
        "wrTxtAns2": "Василий Бутусов",
        "wrSlgAns3": "no_pic",
        "wrTxtAns3": "Лев Фаворский",
        "wrSlgAns4": "no_pic",
        "wrTxtAns4": "Александр Злочевский",
        "wrSlgAns5": "no_pic",
        "wrTxtAns5": "Василий Житарев"
    },
    {
        "type": 1,
        "textQue": "Кто этот футболист?",
        "slugQue": "dmah_kasintura",
        "comment": "Нападающий",
        "slugDlg": "dmah_kasintura",
        "slugCorAns": "no_pic",
        "txtCorAns": "Эгаш Касинтура",
        "wrSlgAns1": "no_pic",
        "wrTxtAns1": "Давид Волк",
        "wrSlgAns2": "no_pic",
        "wrTxtAns2": "Франсиско Мина",
        "wrSlgAns3": "no_pic",
        "wrTxtAns3": "Умар Сако",
        "wrSlgAns4": "no_pic",
        "wrTxtAns4": "Сердер Сердеров",
        "wrSlgAns5": "no_pic",
        "wrTxtAns5": "Никита Глушков"
    },
    {
        "type": 1,
        "textQue": "Кто этот футболист?",
        "slugQue": "ks_ezhov",
        "comment": "Полузащитник",
        "slugDlg": "ks_ezhov",
        "slugCorAns": "no_pic",
        "txtCorAns": "Роман Ежов",
        "wrSlgAns1": "no_pic",
        "wrTxtAns1": "Артем Соколов",
        "wrSlgAns2": "no_pic",
        "wrTxtAns2": "Сергей Бабкин",
        "wrSlgAns3": "no_pic",
        "wrTxtAns3": "Денис Якуба",
        "wrSlgAns4": "no_pic",
        "wrTxtAns4": "Павел Попов",
        "wrSlgAns5": "no_pic",
        "wrTxtAns5": "Кирилл Печенин"
    },
    {
        "type": 1,
        "textQue": "Кто этот футболист?",
        "slugQue": "akr_savichev",
        "comment": "Защитник",
        "slugDlg": "akr_savichev",
        "slugCorAns": "no_pic",
        "txtCorAns": "Константин Савичев",
        "wrSlgAns1": "no_pic",
        "wrTxtAns1": "Максим Палиенко",
        "wrSlgAns2": "no_pic",
        "wrTxtAns2": "Максим Кузмин",
        "wrSlgAns3": "no_pic",
        "wrTxtAns3": "Артур Галоян",
        "wrSlgAns4": "no_pic",
        "wrTxtAns4": "Кирилл Данилин",
        "wrSlgAns5": "no_pic",
        "wrTxtAns5": "Дмитрий Пестряков"
    },
    {
        "type": 1,
        "textQue": "Кто этот футболист?",
        "slugQue": "fk_braimi",
        "comment": "Полузащитник",
        "slugDlg": "fk_braimi",
        "slugCorAns": "no_pic",
        "txtCorAns": "Мохамед Брахими",
        "wrSlgAns1": "no_pic",
        "wrTxtAns1": "Табо Селе",
        "wrSlgAns2": "no_pic",
        "wrTxtAns2": "Дилан Мертенс",
        "wrSlgAns3": "no_pic",
        "wrTxtAns3": "Абдула Багамаев",
        "wrSlgAns4": "no_pic",
        "wrTxtAns4": "Ильнур Альшин",
        "wrSlgAns5": "no_pic",
        "wrTxtAns5": "Лука Багателия"
    },
    {
        "type": 1,
        "textQue": "Кто этот футболист?",
        "slugQue": "nn_stamatov",
        "comment": "Защитник",
        "slugDlg": "nn_stamatov",
        "slugCorAns": "no_pic",
        "txtCorAns": "Матео Стаматов",
        "wrSlgAns1": "no_pic",
        "wrTxtAns1": "Максим Шнапцев",
        "wrSlgAns2": "no_pic",
        "wrTxtAns2": "Илья Жигулев",
        "wrSlgAns3": "no_pic",
        "wrTxtAns3": "Валерий Царукян",
        "wrSlgAns4": "no_pic",
        "wrTxtAns4": "Кирилл Гоцук",
        "wrSlgAns5": "no_pic",
        "wrTxtAns5": "Дмитрий Тихий"
    },
    {
        "type": 1,
        "textQue": "Чья это эмблема?",
        "slugQue": "logo_dmedia",
        "comment": "",
        "slugDlg": "logo_dmedia",
        "slugCorAns": "no_pic",
        "txtCorAns": "DMEDIA",
        "wrSlgAns1": "no_pic",
        "wrTxtAns1": "FC Bus",
        "wrSlgAns2": "no_pic",
        "wrTxtAns2": "GOATS",
        "wrSlgAns3": "no_pic",
        "wrTxtAns3": "Lotus",
        "wrSlgAns4": "no_pic",
        "wrTxtAns4": "Fight Nights",
        "wrSlgAns5": "no_pic",
        "wrTxtAns5": "Матч ТВ"
    },
    {
        "type": 1,
        "textQue": "Чья это эмблема?",
        "slugQue": "logo_drots",
        "comment": "",
        "slugDlg": "logo_drots",
        "slugCorAns": "no_pic",
        "txtCorAns": "2DROTS",
        "wrSlgAns1": "no_pic",
        "wrTxtAns1": "Roma",
        "wrSlgAns2": "no_pic",
        "wrTxtAns2": "Broke Boys",
        "wrSlgAns3": "no_pic",
        "wrTxtAns3": "Деньги",
        "wrSlgAns4": "no_pic",
        "wrTxtAns4": "ФК «10»",
        "wrSlgAns5": "no_pic",
        "wrTxtAns5": "Starmix"
    },
    {
        "type": 1,
        "textQue": "Чья эта эмблема?",
        "slugQue": "logo_sokol_kaz_t",
        "comment": "",
        "slugDlg": "logo_sokol_kaz",
        "slugCorAns": "no_pic",
        "txtCorAns": "Сокол Казань",
        "wrSlgAns1": "no_pic",
        "wrTxtAns1": "Амкар Пермь",
        "wrSlgAns2": "no_pic",
        "wrTxtAns2": "Коломна",
        "wrSlgAns3": "no_pic",
        "wrTxtAns3": "Уралец-ТС Нижний Тагил",
        "wrSlgAns4": "no_pic",
        "wrTxtAns4": "Леон Сатурн Раменское",
        "wrSlgAns5": "no_pic",
        "wrTxtAns5": "Носта Новотроицк"
    },
    {
        "type": 1,
        "textQue": "Чья эта эмблема?",
        "slugQue": "logo_amkar",
        "comment": "",
        "slugDlg": "logo_amkar",
        "slugCorAns": "no_pic",
        "txtCorAns": "Амкар Пермь",
        "wrSlgAns1": "no_pic",
        "wrTxtAns1": "Носта Новотроицк",
        "wrSlgAns2": "no_pic",
        "wrTxtAns2": "Уралец-ТС Нижний Тагил",
        "wrSlgAns3": "no_pic",
        "wrTxtAns3": "Леон Сатурн Раменское",
        "wrSlgAns4": "no_pic",
        "wrTxtAns4": "Коломна",
        "wrSlgAns5": "no_pic",
        "wrTxtAns5": "Динамо Барнаул"
    }
]