[
    {
        "type": 1,
        "textQue": "Кто был основным вратарём сборной СССР на ЧЕ-1960?",
        "slugQue": "flg_ussr",
        "comment": "",
        "slugDlg": "flg_ussr",
        "slugCorAns": "no_pic",
        "txtCorAns": "Лев Яшин",
        "wrSlgAns1": "no_pic",
        "wrTxtAns1": "Владимир Маслаченко",
        "wrSlgAns2": "no_pic",
        "wrTxtAns2": "Владимир Беляев",
        "wrSlgAns3": "no_pic",
        "wrTxtAns3": "Сергей Котрикадзе",
        "wrSlgAns4": "no_pic",
        "wrTxtAns4": "Рамаз Урушадзе",
        "wrSlgAns5": "no_pic",
        "wrTxtAns5": "Анзор Кавазашвили"
    },
    {
        "type": 1,
        "textQue": "Кто был тренером сборной России на ЧЕ-2004?",
        "slugQue": "pic_ce2004",
        "comment": "",
        "slugDlg": "pic_ce2004",
        "slugCorAns": "no_pic",
        "txtCorAns": "Георгий Ярцев",
        "wrSlgAns1": "no_pic",
        "wrTxtAns1": "Анатолий Бышовец",
        "wrSlgAns2": "no_pic",
        "wrTxtAns2": "Валерий Газзаев",
        "wrSlgAns3": "no_pic",
        "wrTxtAns3": "Павел Садырин",
        "wrSlgAns4": "no_pic",
        "wrTxtAns4": "Олег Романцев",
        "wrSlgAns5": "no_pic",
        "wrTxtAns5": "Юрий Сёмин"
    },
    {
        "type": 1,
        "textQue": "Из какого клуба в 2012 году Халк перешёл в Зенит?",
        "slugQue": "zs_hulk",
        "comment": "",
        "slugDlg": "zs_hulk",
        "slugCorAns": "no_pic",
        "txtCorAns": "Порту",
        "wrSlgAns1": "no_pic",
        "wrTxtAns1": "Спортинг",
        "wrSlgAns2": "no_pic",
        "wrTxtAns2": "Бенфика",
        "wrSlgAns3": "no_pic",
        "wrTxtAns3": "Брага",
        "wrSlgAns4": "no_pic",
        "wrTxtAns4": "Белененсеш",
        "wrSlgAns5": "no_pic",
        "wrTxtAns5": "Эшторил"
    },
    {
        "type": 1,
        "textQue": "Кто из легионеров РПЛ был в заявке на финал ЧМ-2018?",
        "slugQue": "pic_wc2018",
        "comment": "",
        "slugDlg": "cup_cm",
        "slugCorAns": "no_pic",
        "txtCorAns": "Ведран Чорлука",
        "wrSlgAns1": "no_pic",
        "wrTxtAns1": "Томаш Губочан",
        "wrSlgAns2": "no_pic",
        "wrTxtAns2": "Бранислав Иванович",
        "wrSlgAns3": "no_pic",
        "wrTxtAns3": "Ивица Олич",
        "wrSlgAns4": "no_pic",
        "wrTxtAns4": "Никола Влашич",
        "wrSlgAns5": "no_pic",
        "wrTxtAns5": "Гжегож Крыховяк"
    },
    {
        "type": 5,
        "textQue": "Как называется любительский футбольный клуб, владельцем которого являлся Василий Уткин?",
        "slugQue": "no_pic",
        "comment": "",
        "slugDlg": "logo_egrisi",
        "slugCorAns": "logo_egrisi",
        "txtCorAns": "Эгриси",
        "wrSlgAns1": "logo_amkal",
        "wrTxtAns1": "Амкал",
        "wrSlgAns2": "logo_fk10",
        "wrTxtAns2": "ФК 10",
        "wrSlgAns3": "logo_titan",
        "wrTxtAns3": "Титан",
        "wrSlgAns4": "logo_bus",
        "wrTxtAns4": "FC Bus",
        "wrSlgAns5": "logo_beybegi",
        "wrTxtAns5": "Бей Беги"
    },
    {
        "type": 1,
        "textQue": "С каким клубом играл ЦСКА в Суперкубке УЕФА-2005?",
        "slugQue": "logo_uefa",
        "comment": "",
        "slugDlg": "logo_uefa",
        "slugCorAns": "no_pic",
        "txtCorAns": "Ливерпуль",
        "wrSlgAns1": "no_pic",
        "wrTxtAns1": "Лион",
        "wrSlgAns2": "no_pic",
        "wrTxtAns2": "Бенфика",
        "wrSlgAns3": "no_pic",
        "wrTxtAns3": "Порту",
        "wrSlgAns4": "no_pic",
        "wrTxtAns4": "Спортинг",
        "wrSlgAns5": "no_pic",
        "wrTxtAns5": "Манчестер Юнайтед"
    },
    {
        "type": 3,
        "textQue": "За какой из этих европейских клубов играл Сергей Кирьяков?",
        "slugQue": "no_pic",
        "comment": "",
        "slugDlg": "flg_russia",
        "slugCorAns": "no_pic",
        "txtCorAns": "Карлсруэ",
        "wrSlgAns1": "no_pic",
        "wrTxtAns1": "Бохум",
        "wrSlgAns2": "no_pic",
        "wrTxtAns2": "Шальке 04",
        "wrSlgAns3": "no_pic",
        "wrTxtAns3": "Герта",
        "wrSlgAns4": "no_pic",
        "wrTxtAns4": "Падерборн",
        "wrSlgAns5": "no_pic",
        "wrTxtAns5": "Фортуна"
    },
    {
        "type": 1,
        "textQue": "Кто из советских футболистов становился обладателем Золотого Мяча?",
        "slugQue": "flg_ussr",
        "comment": "",
        "slugDlg": "flg_ussr",
        "slugCorAns": "no_pic",
        "txtCorAns": "Игорь Беланов",
        "wrSlgAns1": "no_pic",
        "wrTxtAns1": "Анатолий Бышовец",
        "wrSlgAns2": "no_pic",
        "wrTxtAns2": "Эдуард Стрельцов",
        "wrSlgAns3": "no_pic",
        "wrTxtAns3": "Федор Черенков",
        "wrSlgAns4": "no_pic",
        "wrTxtAns4": "Анатолий Демьяненко",
        "wrSlgAns5": "no_pic",
        "wrTxtAns5": "Игорь Нетто"
    },
    {
        "type": 1,
        "textQue": "Кто является рекордсменом сборной СССР по сыгранным матчам?",
        "slugQue": "flg_ussr",
        "comment": "112 игр за 16 лет в сборной СССР (1972—1988)",
        "slugDlg": "flg_ussr",
        "slugCorAns": "no_pic",
        "txtCorAns": "Олег Блохин",
        "wrSlgAns1": "no_pic",
        "wrTxtAns1": "Ринат Дасаев",
        "wrSlgAns2": "no_pic",
        "wrTxtAns2": "Альберт Шестернёв",
        "wrSlgAns3": "no_pic",
        "wrTxtAns3": "Анатолий Демьяненко",
        "wrSlgAns4": "no_pic",
        "wrTxtAns4": "Лев Яшин",
        "wrSlgAns5": "no_pic",
        "wrTxtAns5": "Виктор Понедельник"
    },
    {
        "type": 5,
        "textQue": "Воспитанником какого клуба является Георгий Джикия?",
        "slugQue": "no_pic",
        "comment": "",
        "slugDlg": "logo_lokomotiv",
        "slugCorAns": "logo_lokomotiv",
        "txtCorAns": "Локомотив Москва",
        "wrSlgAns1": "logo_spartak",
        "wrTxtAns1": "Спартак Москва",
        "wrSlgAns2": "logo_akhmat",
        "wrTxtAns2": "Ахмат",
        "wrSlgAns3": "logo_anzhi",
        "wrTxtAns3": "Анжи",
        "wrSlgAns4": "logo_kuban_old",
        "wrTxtAns4": "Кубань",
        "wrSlgAns5": "logo_rotor",
        "wrTxtAns5": "Ротор"
    },
    {
        "type": 1,
        "textQue": "Кто является спортивным талиманом Пари НН?",
        "slugQue": "logo_pari",
        "comment": "Болельщики выбрали талисман в 2020 году",
        "slugDlg": "mas_nn",
        "slugCorAns": "no_pic",
        "txtCorAns": "Воин со щитом",
        "wrSlgAns1": "no_pic",
        "wrTxtAns1": "Гладиатор",
        "wrSlgAns2": "no_pic",
        "wrTxtAns2": "Царь",
        "wrSlgAns3": "no_pic",
        "wrTxtAns3": "Голубой мяч",
        "wrSlgAns4": "no_pic",
        "wrTxtAns4": "Крыса",
        "wrSlgAns5": "no_pic",
        "wrTxtAns5": "Лев"
    },
    {
        "type": 1,
        "textQue": "В каком году российскими футболистами было написано «Письмо четырнадцати»?",
        "slugQue": "flg_russia",
        "comment": "",
        "slugDlg": "flg_russia",
        "slugCorAns": "no_pic",
        "txtCorAns": 1993,
        "wrSlgAns1": "no_pic",
        "wrTxtAns1": 1995,
        "wrSlgAns2": "no_pic",
        "wrTxtAns2": 1997,
        "wrSlgAns3": "no_pic",
        "wrTxtAns3": 1999,
        "wrSlgAns4": "no_pic",
        "wrTxtAns4": 2001,
        "wrSlgAns5": "no_pic",
        "wrTxtAns5": 2003
    },
    {
        "type": 1,
        "textQue": "При каком тренере Ростов выиграл свой единственный трофей - Кубок России?",
        "slugQue": "logo_rostov",
        "comment": "Миодраг Божович привел Ростов к первому трофею в истории - Кубку России",
        "slugDlg": "logo_rostov",
        "slugCorAns": "no_pic",
        "txtCorAns": "Миодраг Божович",
        "wrSlgAns1": "no_pic",
        "wrTxtAns1": "Игорь Гамула",
        "wrSlgAns2": "no_pic",
        "wrTxtAns2": "Курбан Бердыев",
        "wrSlgAns3": "no_pic",
        "wrTxtAns3": "Леонид Кучук",
        "wrSlgAns4": "no_pic",
        "wrTxtAns4": "Андрей Талалаев",
        "wrSlgAns5": "no_pic",
        "wrTxtAns5": "Юрий Сёмин"
    },
    {
        "type": 1,
        "textQue": "В каком году сборная России по футболу выиграла юношеский Чемпионат Европы по футболу U-17?",
        "slugQue": "flg_russia",
        "comment": "",
        "slugDlg": "flg_russia",
        "slugCorAns": "no_pic",
        "txtCorAns": 2013,
        "wrSlgAns1": "no_pic",
        "wrTxtAns1": 2011,
        "wrSlgAns2": "no_pic",
        "wrTxtAns2": 2009,
        "wrSlgAns3": "no_pic",
        "wrTxtAns3": 1999,
        "wrSlgAns4": "no_pic",
        "wrTxtAns4": 2015,
        "wrSlgAns5": "no_pic",
        "wrTxtAns5": 2019
    },
    {
        "type": 1,
        "textQue": "Какой популярный российский комментатор играл за Химки?",
        "slugQue": "logo_khimki",
        "comment": "1999-2001 (29 голов в 84 матчах)",
        "slugDlg": "logo_khimki",
        "slugCorAns": "no_pic",
        "txtCorAns": "Константин Генич",
        "wrSlgAns1": "no_pic",
        "wrTxtAns1": "Георгий Черданцев",
        "wrSlgAns2": "no_pic",
        "wrTxtAns2": "Дмитрий Жичкин",
        "wrSlgAns3": "no_pic",
        "wrTxtAns3": "Роман Трушечкин",
        "wrSlgAns4": "no_pic",
        "wrTxtAns4": "Роман Нагучев",
        "wrSlgAns5": "no_pic",
        "wrTxtAns5": "Тимур Журавель"
    },
    {
        "type": 1,
        "textQue": "Кто был президентом Спартака, когда происходило \"дело о бромантане\"?",
        "slugQue": "logo_spartak",
        "comment": "",
        "slugDlg": "logo_spartak",
        "slugCorAns": "no_pic",
        "txtCorAns": "Андрей Червиченко",
        "wrSlgAns1": "no_pic",
        "wrTxtAns1": "Николай Старостин",
        "wrSlgAns2": "no_pic",
        "wrTxtAns2": "Леонид Федун",
        "wrSlgAns3": "no_pic",
        "wrTxtAns3": "Александр Матыцын",
        "wrSlgAns4": "no_pic",
        "wrTxtAns4": "Юрий Шляпин",
        "wrSlgAns5": "no_pic",
        "wrTxtAns5": "Олег Романцев"
    },
    {
        "type": 1,
        "textQue": "От какого военного прибора получил название клуб Рубин?",
        "slugQue": "logo_rubin",
        "comment": "Клуб получил название от радиолокационной станции «Рубин», которой оснащались военные самолёты Казанского авиационного завода, где клуб и был создан.",
        "slugDlg": "logo_rubin",
        "slugCorAns": "no_pic",
        "txtCorAns": "Радиолокационная станция",
        "wrSlgAns1": "no_pic",
        "wrTxtAns1": "Ствольная коробка",
        "wrSlgAns2": "no_pic",
        "wrTxtAns2": "Патронник",
        "wrSlgAns3": "no_pic",
        "wrTxtAns3": "Отсечка-отражатель",
        "wrSlgAns4": "no_pic",
        "wrTxtAns4": "Спусковой механизм",
        "wrSlgAns5": "no_pic",
        "wrTxtAns5": "Стебель затвора"
    },
    {
        "type": 2,
        "textQue": "С кем сыграл Спартак за звание Чемпиона России в золотом матче в 1996?",
        "slugQue": "logo_spartak",
        "comment": "",
        "slugDlg": "logo_alania",
        "slugCorAns": "logo_alania",
        "txtCorAns": "Алания Владикавказ",
        "wrSlgAns1": "logo_cska",
        "wrTxtAns1": "ЦСКА",
        "wrSlgAns2": "logo_zenit",
        "wrTxtAns2": "Зенит",
        "wrSlgAns3": "logo_dinamo",
        "wrTxtAns3": "Динамо Москва",
        "wrSlgAns4": "logo_lokomotiv",
        "wrTxtAns4": "Локомотив",
        "wrSlgAns5": "logo_akhmat",
        "wrTxtAns5": "Ахмат"
    },
    {
        "type": 1,
        "textQue": "Кто является лучшим бомбардиром в истории противостояния ЦСКА - Спартак?",
        "slugQue": "mt_cska_spa",
        "comment": "Лучший бомбардир в истории дерби — армеец Вагнер Лав, забивший 9 голов",
        "slugDlg": "cska_vagnerlove",
        "slugCorAns": "no_pic",
        "txtCorAns": "Вагнер Лав",
        "wrSlgAns1": "no_pic",
        "wrTxtAns1": "Денис Глушаков",
        "wrSlgAns2": "no_pic",
        "wrTxtAns2": "Квинси Промес",
        "wrSlgAns3": "no_pic",
        "wrTxtAns3": "Ахмед Муса",
        "wrSlgAns4": "no_pic",
        "wrTxtAns4": "Сейду Думбия",
        "wrSlgAns5": "no_pic",
        "wrTxtAns5": "Антон Заболотный"
    },
    {
        "type": 3,
        "textQue": "На эмблеме какого клуба изображена лошадь?",
        "slugQue": "no_pic",
        "comment": "",
        "slugDlg": "logo_kamaz",
        "slugCorAns": "no_pic",
        "txtCorAns": "КАМАЗ Набережные Челны",
        "wrSlgAns1": "no_pic",
        "wrTxtAns1": "Шинник Ярославль",
        "wrSlgAns2": "no_pic",
        "wrTxtAns2": "Арсенал Тула",
        "wrSlgAns3": "no_pic",
        "wrTxtAns3": "Алания Владикавказ",
        "wrSlgAns4": "no_pic",
        "wrTxtAns4": "Енисей Красноярск",
        "wrSlgAns5": "no_pic",
        "wrTxtAns5": "Родина Москва"
    },
    {
        "type": 1,
        "textQue": "Почему СССР отказалась играть ответный стыковой матч на ЧМ 1974 со сборной Чили?",
        "slugQue": "flg_ussr",
        "comment": "",
        "slugDlg": "flg_ussr",
        "slugCorAns": "no_pic",
        "txtCorAns": "Военный переворот",
        "wrSlgAns1": "no_pic",
        "wrTxtAns1": "Низкие премии",
        "wrSlgAns2": "no_pic",
        "wrTxtAns2": "Пандемия гриппа",
        "wrSlgAns3": "no_pic",
        "wrTxtAns3": "Неурожайный год",
        "wrSlgAns4": "no_pic",
        "wrTxtAns4": "Далёкий перелёт",
        "wrSlgAns5": "no_pic",
        "wrTxtAns5": "Побег футболистов заграницу"
    },
    {
        "type": 1,
        "textQue": "Кто вручил Кубок Мира сборной Франции на церемонии награждения ЧМ-2018?",
        "slugQue": "cup_cm",
        "comment": "Президент ФИФА Джанни Инфантино вручил игрокам сборной Франции Кубок мира за победу на чемпионате мира 2018 года",
        "slugDlg": "cup_cm",
        "slugCorAns": "no_pic",
        "txtCorAns": "Джанни Инфантино",
        "wrSlgAns1": "no_pic",
        "wrTxtAns1": "Зепп Блаттер",
        "wrSlgAns2": "no_pic",
        "wrTxtAns2": "Александер Чеферин",
        "wrSlgAns3": "no_pic",
        "wrTxtAns3": "Мишель Платини",
        "wrSlgAns4": "no_pic",
        "wrTxtAns4": "Леннарт Юханссон",
        "wrSlgAns5": "no_pic",
        "wrTxtAns5": "Владимир Путин"
    },
    {
        "type": 1,
        "textQue": "Кому проиграла сборная СССР в матче за 3 место на ЧМ-1966?",
        "slugQue": "flg_ussr",
        "comment": "",
        "slugDlg": "flg_ussr",
        "slugCorAns": "no_pic",
        "txtCorAns": "Португалия",
        "wrSlgAns1": "no_pic",
        "wrTxtAns1": "ФРГ",
        "wrSlgAns2": "no_pic",
        "wrTxtAns2": "Англия",
        "wrSlgAns3": "no_pic",
        "wrTxtAns3": "Чили",
        "wrSlgAns4": "no_pic",
        "wrTxtAns4": "Уругвай",
        "wrSlgAns5": "no_pic",
        "wrTxtAns5": "Бразилия"
    },
    {
        "type": 2,
        "textQue": "Какой из этих медиа клубов участвовал в розыгрыше Кубка России?",
        "slugQue": "pic_cuprus",
        "comment": "",
        "slugDlg": "logo_amkal",
        "slugCorAns": "logo_amkal",
        "txtCorAns": "Амкал",
        "wrSlgAns1": "logo_egrisi",
        "wrTxtAns1": "Эгриси",
        "wrSlgAns2": "logo_fk10",
        "wrTxtAns2": "ФК 10",
        "wrSlgAns3": "logo_titan",
        "wrTxtAns3": "Титан",
        "wrSlgAns4": "logo_bus",
        "wrTxtAns4": "FC Bus",
        "wrSlgAns5": "logo_beybegi",
        "wrTxtAns5": "Бей Беги"
    },
    {
        "type": 1,
        "textQue": "Кто является режессером спортивной драмы \"Тренер\"?",
        "slugQue": "flg_russia",
        "comment": "",
        "slugDlg": "flg_russia",
        "slugCorAns": "no_pic",
        "txtCorAns": "Данила Козловский",
        "wrSlgAns1": "no_pic",
        "wrTxtAns1": "Федор Бондарчук",
        "wrSlgAns2": "no_pic",
        "wrTxtAns2": "Клим Шипенко",
        "wrSlgAns3": "no_pic",
        "wrTxtAns3": "Андрей Звягинцев",
        "wrSlgAns4": "no_pic",
        "wrTxtAns4": "Николай Лебедев",
        "wrSlgAns5": "no_pic",
        "wrTxtAns5": "Андрей Кончаловский"
    },
    {
        "type": 1,
        "textQue": "С каким клубов Марат Измайлов становился Чемпионом Португалии?",
        "slugQue": "flg_russia",
        "comment": "",
        "slugDlg": "flg_russia",
        "slugCorAns": "no_pic",
        "txtCorAns": "Порту",
        "wrSlgAns1": "no_pic",
        "wrTxtAns1": "Спортинг",
        "wrSlgAns2": "no_pic",
        "wrTxtAns2": "Бенфика",
        "wrSlgAns3": "no_pic",
        "wrTxtAns3": "Брага",
        "wrSlgAns4": "no_pic",
        "wrTxtAns4": "Белененсеш",
        "wrSlgAns5": "no_pic",
        "wrTxtAns5": "Эшторил"
    },
    {
        "type": 1,
        "textQue": "Кому проиграла сборная России в стыковых матчах на ЧМ-2010?",
        "slugQue": "flg_russia",
        "comment": "",
        "slugDlg": "flg_russia",
        "slugCorAns": "no_pic",
        "txtCorAns": "Словения",
        "wrSlgAns1": "no_pic",
        "wrTxtAns1": "Словакия",
        "wrSlgAns2": "no_pic",
        "wrTxtAns2": "Сербия",
        "wrSlgAns3": "no_pic",
        "wrTxtAns3": "Хорватия",
        "wrSlgAns4": "no_pic",
        "wrTxtAns4": "Бельгия",
        "wrSlgAns5": "no_pic",
        "wrTxtAns5": "Италия"
    },
    {
        "type": 1,
        "textQue": "Кто этот футболист?",
        "slugQue": "rk_vada",
        "comment": "Полузащитник",
        "slugDlg": "rk_vada",
        "slugCorAns": "no_pic",
        "txtCorAns": "Валентин Вада",
        "wrSlgAns1": "no_pic",
        "wrTxtAns1": "Марат Апшацев",
        "wrSlgAns2": "no_pic",
        "wrTxtAns2": "Касра Тахери",
        "wrSlgAns3": "no_pic",
        "wrTxtAns3": "Александр Зотов",
        "wrSlgAns4": "no_pic",
        "wrTxtAns4": "Богдан Йочич",
        "wrSlgAns5": "no_pic",
        "wrTxtAns5": "Егор Тесленко"
    },
    {
        "type": 1,
        "textQue": "Кто этот футболист?",
        "slugQue": "akh_utsiev",
        "comment": "Защитник",
        "slugDlg": "akh_utsiev",
        "slugCorAns": "no_pic",
        "txtCorAns": "Ризван Уциев",
        "wrSlgAns1": "no_pic",
        "wrTxtAns1": "Арсен Адамов",
        "wrSlgAns2": "no_pic",
        "wrTxtAns2": "Заим Диванович",
        "wrSlgAns3": "no_pic",
        "wrTxtAns3": "Лечи Садулаев",
        "wrSlgAns4": "no_pic",
        "wrTxtAns4": "Гамид Агаларов",
        "wrSlgAns5": "no_pic",
        "wrTxtAns5": "Сердер Сердеров"
    },
    {
        "type": 1,
        "textQue": "Кто этот футболист?",
        "slugQue": "lm_njamsi",
        "comment": "Защитник",
        "slugDlg": "lm_njamsi",
        "slugCorAns": "no_pic",
        "txtCorAns": "Жерзино Ньямси",
        "wrSlgAns1": "no_pic",
        "wrTxtAns1": "Марио Митай",
        "wrSlgAns2": "no_pic",
        "wrTxtAns2": "Лукас Фассон",
        "wrSlgAns3": "no_pic",
        "wrTxtAns3": "Надер Гандри",
        "wrSlgAns4": "no_pic",
        "wrTxtAns4": "Умар Сако",
        "wrSlgAns5": "no_pic",
        "wrTxtAns5": "Жоау Баши"
    },
    {
        "type": 1,
        "textQue": "Кто этот футболист?",
        "slugQue": "fk_motspan",
        "comment": "Полузащитник",
        "slugDlg": "fk_motspan",
        "slugCorAns": "no_pic",
        "txtCorAns": "Никита Моцпан",
        "wrSlgAns1": "no_pic",
        "wrTxtAns1": "Ильнур Альшин",
        "wrSlgAns2": "no_pic",
        "wrTxtAns2": "Вячеслав Якимов",
        "wrSlgAns3": "no_pic",
        "wrTxtAns3": "Андрей Ивлев",
        "wrSlgAns4": "no_pic",
        "wrTxtAns4": "Владимир Ильин",
        "wrSlgAns5": "no_pic",
        "wrTxtAns5": "Евгений Марков"
    },
    {
        "type": 1,
        "textQue": "Кто этот футболист?",
        "slugQue": "nn_zivogliadov",
        "comment": "Защитник",
        "slugDlg": "nn_zivogliadov",
        "slugCorAns": "no_pic",
        "txtCorAns": "Дмитрий Живоглядов",
        "wrSlgAns1": "no_pic",
        "wrTxtAns1": "Дмитрий Тихий",
        "wrSlgAns2": "no_pic",
        "wrTxtAns2": "Иван Кукушкин",
        "wrSlgAns3": "no_pic",
        "wrTxtAns3": "Никита Ермаков",
        "wrSlgAns4": "no_pic",
        "wrTxtAns4": "Виктор Александров",
        "wrSlgAns5": "no_pic",
        "wrTxtAns5": "Илья Кухарчук"
    },
    {
        "type": 1,
        "textQue": "Кто этот футболист?",
        "slugQue": "lm_siljanov",
        "comment": "Защитник",
        "slugDlg": "lm_siljanov",
        "slugCorAns": "no_pic",
        "txtCorAns": "Александр Сильянов",
        "wrSlgAns1": "no_pic",
        "wrTxtAns1": "Евгений Морозов",
        "wrSlgAns2": "no_pic",
        "wrTxtAns2": "Никита Салтыков",
        "wrSlgAns3": "no_pic",
        "wrTxtAns3": "Артем Тимофеев",
        "wrSlgAns4": "no_pic",
        "wrTxtAns4": "Сергей Пиняев",
        "wrSlgAns5": "no_pic",
        "wrTxtAns5": "Дмитрий Воробьев"
    },
    {
        "type": 1,
        "textQue": "Чья эта эмблема?",
        "slugQue": "logo_mashuk_t",
        "comment": "",
        "slugDlg": "logo_mashuk",
        "slugCorAns": "no_pic",
        "txtCorAns": "Машук-КМВ",
        "wrSlgAns1": "no_pic",
        "wrTxtAns1": "Волга Ульяновск",
        "wrSlgAns2": "no_pic",
        "wrTxtAns2": "Знамя Труда",
        "wrSlgAns3": "no_pic",
        "wrTxtAns3": "Новосибирск",
        "wrSlgAns4": "no_pic",
        "wrTxtAns4": "Муром",
        "wrSlgAns5": "no_pic",
        "wrTxtAns5": "Металлург Липецк"
    },
    {
        "type": 1,
        "textQue": "Чья это эмблема?",
        "slugQue": "logo_uralan_t",
        "comment": "",
        "slugDlg": "logo_uralan",
        "slugCorAns": "no_pic",
        "txtCorAns": "Уралан",
        "wrSlgAns1": "no_pic",
        "wrTxtAns1": "Лада Димитровград",
        "wrSlgAns2": "no_pic",
        "wrTxtAns2": "Баштау",
        "wrSlgAns3": "no_pic",
        "wrTxtAns3": "Саранск",
        "wrSlgAns4": "no_pic",
        "wrTxtAns4": "Асмарал",
        "wrSlgAns5": "no_pic",
        "wrTxtAns5": "Текстильщик Камышин"
    },
    {
        "type": 1,
        "textQue": "Чья эта эмблема?",
        "slugQue": "logo_chertanovo",
        "comment": "",
        "slugDlg": "logo_chertanovo",
        "slugCorAns": "no_pic",
        "txtCorAns": "Чертаново Москва",
        "wrSlgAns1": "no_pic",
        "wrTxtAns1": "Динамо Вологда",
        "wrSlgAns2": "no_pic",
        "wrTxtAns2": "Иркутск",
        "wrSlgAns3": "no_pic",
        "wrTxtAns3": "Торпедо Владимир",
        "wrSlgAns4": "no_pic",
        "wrTxtAns4": "Тверь",
        "wrSlgAns5": "no_pic",
        "wrTxtAns5": "Луки-Энергия Великие Луки"
    },
    {
        "type": 1,
        "textQue": "Чья эта эмблема?",
        "slugQue": "logo_forte_t",
        "comment": "",
        "slugDlg": "logo_forte",
        "slugCorAns": "no_pic",
        "txtCorAns": "Форте Таганрог",
        "wrSlgAns1": "no_pic",
        "wrTxtAns1": "Астрахань",
        "wrSlgAns2": "no_pic",
        "wrTxtAns2": "Легион Махачкала",
        "wrSlgAns3": "no_pic",
        "wrTxtAns3": "Динамо Ставрополь",
        "wrSlgAns4": "no_pic",
        "wrTxtAns4": "Севастополь",
        "wrSlgAns5": "no_pic",
        "wrTxtAns5": "Ангушт Назрань"
    }
]