[
    {
        "type": 5,
        "textQue": "Воспитанником какого клуба является Артём Дзюба?",
        "slugQue": "no_pic",
        "comment": "",
        "slugDlg": "logo_spartak",
        "slugCorAns": "logo_spartak",
        "txtCorAns": "Спартак Москва",
        "wrSlgAns1": "logo_dinamo",
        "wrTxtAns1": "Динамо Москва",
        "wrSlgAns2": "logo_lokomotiv",
        "wrTxtAns2": "Локомотив",
        "wrSlgAns3": "logo_cska",
        "wrTxtAns3": "ЦСКА",
        "wrSlgAns4": "logo_zenit",
        "wrTxtAns4": "Зенит",
        "wrSlgAns5": "logo_rostov",
        "wrTxtAns5": "Ростов"
    },
    {
        "type": 2,
        "textQue": "Для какой команды стадион ВТБ Арена является домашним?",
        "slugQue": "std_vtb",
        "comment": "",
        "slugDlg": "std_vtb",
        "slugCorAns": "logo_dinamo",
        "txtCorAns": "Динамо Москва",
        "wrSlgAns1": "logo_cska",
        "wrTxtAns1": "ЦСКА",
        "wrSlgAns2": "logo_spartak",
        "wrTxtAns2": "Спартак Москва",
        "wrSlgAns3": "logo_lokomotiv",
        "wrTxtAns3": "Локомотив",
        "wrSlgAns4": "logo_zenit",
        "wrTxtAns4": "Зенит",
        "wrSlgAns5": "logo_torpedo",
        "wrTxtAns5": "Торпедо Москва"
    },
    {
        "type": 3,
        "textQue": "За какой из этих европейских клубов играл Андрей Аршавин?",
        "slugQue": "no_pic",
        "comment": "",
        "slugDlg": "flg_russia",
        "slugCorAns": "no_pic",
        "txtCorAns": "Арсенал",
        "wrSlgAns1": "no_pic",
        "wrTxtAns1": "Ливерпуль",
        "wrSlgAns2": "no_pic",
        "wrTxtAns2": "Манчестер Юнайтед",
        "wrSlgAns3": "no_pic",
        "wrTxtAns3": "Тоттенхэм",
        "wrSlgAns4": "no_pic",
        "wrTxtAns4": "Эвертон",
        "wrSlgAns5": "no_pic",
        "wrTxtAns5": "Челси"
    },
    {
        "type": 4,
        "textQue": "За сколько побед в чемпионате России разрешается поместить звезду на эмблему?",
        "slugQue": "no_pic",
        "comment": "Клубам РПЛ разрешено размещать одну звезду за каждые 5 побед в российских/советских первенствах",
        "slugDlg": "num_5",
        "slugCorAns": "num_5",
        "txtCorAns": "побед",
        "wrSlgAns1": "num_3",
        "wrTxtAns1": "3 победы",
        "wrSlgAns2": "num_1",
        "wrTxtAns2": "1 победу",
        "wrSlgAns3": "num_10",
        "wrTxtAns3": "10 побед",
        "wrSlgAns4": "num_15",
        "wrTxtAns4": "15 побед",
        "wrSlgAns5": "num_8",
        "wrTxtAns5": "8 побед"
    },
    {
        "type": 1,
        "textQue": "Как до 2024 года назывался стадион Лукойл Арена?",
        "slugQue": "std_spartak",
        "comment": "",
        "slugDlg": "std_spartak",
        "slugCorAns": "no_pic",
        "txtCorAns": "Открытие Банк Арена",
        "wrSlgAns1": "no_pic",
        "wrTxtAns1": "Стадион им. Черенкова",
        "wrSlgAns2": "no_pic",
        "wrTxtAns2": "Стадион им. Симоняна",
        "wrSlgAns3": "no_pic",
        "wrTxtAns3": "Спартак",
        "wrSlgAns4": "no_pic",
        "wrTxtAns4": "Волоколамский",
        "wrSlgAns5": "no_pic",
        "wrTxtAns5": "Олимпийский"
    },
    {
        "type": 1,
        "textQue": "Как зовут главного тренера Зенита?",
        "slugQue": "zs_semak",
        "comment": "",
        "slugDlg": "zs_semak",
        "slugCorAns": "no_pic",
        "txtCorAns": "Сергей Семак",
        "wrSlgAns1": "no_pic",
        "wrTxtAns1": "Андрей Талалаев",
        "wrSlgAns2": "no_pic",
        "wrTxtAns2": "Вадим Евсеев",
        "wrSlgAns3": "no_pic",
        "wrTxtAns3": "Владимир Федотов",
        "wrSlgAns4": "no_pic",
        "wrTxtAns4": "Владимир Вайсс",
        "wrSlgAns5": "no_pic",
        "wrTxtAns5": "Андрей Тихонов"
    },
    {
        "type": 1,
        "textQue": "Как зовут главного тренера Ростова?",
        "slugQue": "ro_karpin",
        "comment": "",
        "slugDlg": "ro_karpin",
        "slugCorAns": "no_pic",
        "txtCorAns": "Валерий Карпин",
        "wrSlgAns1": "no_pic",
        "wrTxtAns1": "Сергей Семак",
        "wrSlgAns2": "no_pic",
        "wrTxtAns2": "Николай Писарев",
        "wrSlgAns3": "no_pic",
        "wrTxtAns3": "Александр Бородюк",
        "wrSlgAns4": "no_pic",
        "wrTxtAns4": "Леонид Слуцкий",
        "wrSlgAns5": "no_pic",
        "wrTxtAns5": "Станислав Черчесов"
    },
    {
        "type": 1,
        "textQue": "Как называется стадион на котором Локомотив проводит домашние матчи?",
        "slugQue": "std_rzd",
        "comment": "",
        "slugDlg": "std_rzd",
        "slugCorAns": "no_pic",
        "txtCorAns": "РЖД Арена",
        "wrSlgAns1": "no_pic",
        "wrTxtAns1": "Локомотив Арена",
        "wrSlgAns2": "no_pic",
        "wrTxtAns2": "Лужники",
        "wrSlgAns3": "no_pic",
        "wrTxtAns3": "Арена Химки",
        "wrSlgAns4": "no_pic",
        "wrTxtAns4": "Железнодорожный стадион",
        "wrSlgAns5": "no_pic",
        "wrTxtAns5": "Стадион им. Лоськова"
    },
    {
        "type": 1,
        "textQue": "Как называется стадион?",
        "slugQue": "std_krasnodar",
        "comment": "",
        "slugDlg": "std_krasnodar",
        "slugCorAns": "no_pic",
        "txtCorAns": "Краснодар",
        "wrSlgAns1": "no_pic",
        "wrTxtAns1": "Кубань",
        "wrSlgAns2": "no_pic",
        "wrTxtAns2": "Серп и Молот",
        "wrSlgAns3": "no_pic",
        "wrTxtAns3": "Зеленый",
        "wrSlgAns4": "no_pic",
        "wrTxtAns4": "Стадион им. Галицкого",
        "wrSlgAns5": "no_pic",
        "wrTxtAns5": "Южный"
    },
    {
        "type": 1,
        "textQue": "Какое животное было официальным талисманом ЧМ-2018? ",
        "slugQue": "pic_wc2018",
        "comment": "",
        "slugDlg": "pic_zabivaka",
        "slugCorAns": "no_pic",
        "txtCorAns": "Волк Забивака",
        "wrSlgAns1": "no_pic",
        "wrTxtAns1": "Броненосец Фулеко",
        "wrSlgAns2": "no_pic",
        "wrTxtAns2": "Медвежонок Миша",
        "wrSlgAns3": "no_pic",
        "wrTxtAns3": "Леопард Лео",
        "wrSlgAns4": "no_pic",
        "wrTxtAns4": "Белый медведь Умка",
        "wrSlgAns5": "no_pic",
        "wrTxtAns5": "Заяц Русак"
    },
    {
        "type": 1,
        "textQue": "Какой российский игрок оформил «покер» (4 мяча) против команды «Ливерпуль»?",
        "slugQue": "flg_russia",
        "comment": "21 aпpeля 2009 гoдa Aндpeй Apшaвин зaбил 4 гoлa в гocтeвoм мaтчe пpeмьep-лиги пpoтив «Ливepпyля » и cтaл пepвым игpoкoм, кoтopoмy yдaлocь cдeлaть пoкep нa cтaдиoнe «Энфилд Poyд» в paмкax чeмпиoнaтa Aнглии зa пocлeдниe 63 гoдa. Игpa зaвepшилacь co cчётoм 4:4",
        "slugDlg": "zs_arshavin",
        "slugCorAns": "no_pic",
        "txtCorAns": "Андрей Аршавин",
        "wrSlgAns1": "no_pic",
        "wrTxtAns1": "Валерий Карпин",
        "wrSlgAns2": "no_pic",
        "wrTxtAns2": "Павел Погребняк",
        "wrSlgAns3": "no_pic",
        "wrTxtAns3": "Роман Павлюченко",
        "wrSlgAns4": "no_pic",
        "wrTxtAns4": "Александр Кержаков",
        "wrSlgAns5": "no_pic",
        "wrTxtAns5": "Артём Дзюба"
    },
    {
        "type": 3,
        "textQue": "Какой российский футболист летом 2024 перешёл в ПСЖ?",
        "slugQue": "no_pic",
        "comment": "",
        "slugDlg": "flg_russia",
        "slugCorAns": "no_pic",
        "txtCorAns": "Матвей Сафонов",
        "wrSlgAns1": "no_pic",
        "wrTxtAns1": "Александр Соболев",
        "wrSlgAns2": "no_pic",
        "wrTxtAns2": "Илья Помазун",
        "wrSlgAns3": "no_pic",
        "wrTxtAns3": "Александр Головин",
        "wrSlgAns4": "no_pic",
        "wrTxtAns4": "Алексей Миранчук",
        "wrSlgAns5": "no_pic",
        "wrTxtAns5": "Антон Шунин"
    },
    {
        "type": 3,
        "textQue": "Какой российский футболист является воспитанником мадридского Реала?",
        "slugQue": "no_pic",
        "comment": "",
        "slugDlg": "pic_cherishev",
        "slugCorAns": "no_pic",
        "txtCorAns": "Денис Черышев",
        "wrSlgAns1": "no_pic",
        "wrTxtAns1": "Александр Головин",
        "wrSlgAns2": "no_pic",
        "wrTxtAns2": "Алексей Миранчук",
        "wrSlgAns3": "no_pic",
        "wrTxtAns3": "Валерий Карпин",
        "wrSlgAns4": "no_pic",
        "wrTxtAns4": "Александр Мостовой",
        "wrSlgAns5": "no_pic",
        "wrTxtAns5": "Дмитрий Черышев"
    },
    {
        "type": 1,
        "textQue": "Какой советский вратарь в своё время получил Золотой Мяч?",
        "slugQue": "flg_ussr",
        "comment": "",
        "slugDlg": "flg_ussr",
        "slugCorAns": "no_pic",
        "txtCorAns": "Лев Яшин",
        "wrSlgAns1": "no_pic",
        "wrTxtAns1": "Станислав Черчесов",
        "wrSlgAns2": "no_pic",
        "wrTxtAns2": "Ринат Дасаев",
        "wrSlgAns3": "no_pic",
        "wrTxtAns3": "Владимир Маслаченко",
        "wrSlgAns4": "no_pic",
        "wrTxtAns4": "Владимир Пильгуй",
        "wrSlgAns5": "no_pic",
        "wrTxtAns5": "Руслан Нигматуллин"
    },
    {
        "type": 3,
        "textQue": "Какому принадлежит фраза \"Ваши ожидания - Ваши проблемы\"?",
        "slugQue": "no_pic",
        "comment": "",
        "slugDlg": "zs_arshavin",
        "slugCorAns": "no_pic",
        "txtCorAns": "Андрей Аршавин",
        "wrSlgAns1": "no_pic",
        "wrTxtAns1": "Александр Кержаков",
        "wrSlgAns2": "no_pic",
        "wrTxtAns2": "Артём Дзюба",
        "wrSlgAns3": "no_pic",
        "wrTxtAns3": "Валерий Карпин",
        "wrSlgAns4": "no_pic",
        "wrTxtAns4": "Станислав Черчесов",
        "wrSlgAns5": "no_pic",
        "wrTxtAns5": "Фабио Капелло"
    },
    {
        "type": 1,
        "textQue": "Кого в 2012 году Артём Дзюба, играя за Спаратак, назвал \"трениришкой\"?",
        "slugQue": "lm_dzuba",
        "comment": "",
        "slugDlg": "logo_spartak",
        "slugCorAns": "no_pic",
        "txtCorAns": "Унаи Эмери",
        "wrSlgAns1": "no_pic",
        "wrTxtAns1": "Руй Витория",
        "wrSlgAns2": "no_pic",
        "wrTxtAns2": "Рауль Рианчо ",
        "wrSlgAns3": "no_pic",
        "wrTxtAns3": "Мурат Якин",
        "wrSlgAns4": "no_pic",
        "wrTxtAns4": "Невио Скала",
        "wrSlgAns5": "no_pic",
        "wrTxtAns5": "Массимо Каррера "
    },
    {
        "type": 1,
        "textQue": "Кто автор пента-трика в матче Чемпионата Мира 1994 года за сборную России?",
        "slugQue": "flg_russia",
        "comment": "",
        "slugDlg": "flg_russia",
        "slugCorAns": "no_pic",
        "txtCorAns": "Олег Саенко",
        "wrSlgAns1": "no_pic",
        "wrTxtAns1": "Владимир Бесчастных",
        "wrSlgAns2": "no_pic",
        "wrTxtAns2": "Александр Бородюк",
        "wrSlgAns3": "no_pic",
        "wrTxtAns3": "Александр Мостовой",
        "wrSlgAns4": "no_pic",
        "wrTxtAns4": "Валерий Карпин",
        "wrSlgAns5": "no_pic",
        "wrTxtAns5": "Сергей Юран"
    },
    {
        "type": 1,
        "textQue": "Кто был основным вратарём сборной России на ЧМ-2018?",
        "slugQue": "pic_wc2018",
        "comment": "",
        "slugDlg": "cska_akinfeev",
        "slugCorAns": "no_pic",
        "txtCorAns": "Игорь Акинфеев",
        "wrSlgAns1": "no_pic",
        "wrTxtAns1": "Антон Шунин",
        "wrSlgAns2": "no_pic",
        "wrTxtAns2": "Матвей Сафонов",
        "wrSlgAns3": "no_pic",
        "wrTxtAns3": "Владимир Габулов",
        "wrSlgAns4": "no_pic",
        "wrTxtAns4": "Юрий Лодыгин",
        "wrSlgAns5": "no_pic",
        "wrTxtAns5": "Андрей Лунёв"
    },
    {
        "type": 1,
        "textQue": "Кто был тренером сборной России на ЧМ-2018?",
        "slugQue": "pic_wc2018",
        "comment": "",
        "slugDlg": "pic_cherchesov",
        "slugCorAns": "no_pic",
        "txtCorAns": "Станислав Черчесов",
        "wrSlgAns1": "no_pic",
        "wrTxtAns1": "Валерий Карпин",
        "wrSlgAns2": "no_pic",
        "wrTxtAns2": "Леонид Слуцкий",
        "wrSlgAns3": "no_pic",
        "wrTxtAns3": "Фабио Капелло",
        "wrSlgAns4": "no_pic",
        "wrTxtAns4": "Гус Хиддинк",
        "wrSlgAns5": "no_pic",
        "wrTxtAns5": "Дик Адвокат"
    },
    {
        "type": 3,
        "textQue": "Кто из российских футболистов играл и забивал в финалах Лиги Чемпионов и Кубка УЕФА?",
        "slugQue": "no_pic",
        "comment": "",
        "slugDlg": "flg_russia",
        "slugCorAns": "no_pic",
        "txtCorAns": "Дмитрий Аленичев",
        "wrSlgAns1": "no_pic",
        "wrTxtAns1": "Сергей Семак",
        "wrSlgAns2": "no_pic",
        "wrTxtAns2": "Андрей Аршавин",
        "wrSlgAns3": "no_pic",
        "wrTxtAns3": "Павел Погребняк",
        "wrSlgAns4": "no_pic",
        "wrTxtAns4": "Денис Черышев",
        "wrSlgAns5": "no_pic",
        "wrTxtAns5": "Александр Головин"
    },
    {
        "type": 1,
        "textQue": "Кто из этих тренеров никогда не возглавлял сборную России по футболу?",
        "slugQue": "flg_russia",
        "comment": "",
        "slugDlg": "flg_russia",
        "slugCorAns": "no_pic",
        "txtCorAns": "Курбан Бердыев",
        "wrSlgAns1": "no_pic",
        "wrTxtAns1": "Валерий Карпин",
        "wrSlgAns2": "no_pic",
        "wrTxtAns2": "Леонид Слуцкий",
        "wrSlgAns3": "no_pic",
        "wrTxtAns3": "Станислав Черчесов",
        "wrSlgAns4": "no_pic",
        "wrTxtAns4": "Юрий Сёмин",
        "wrSlgAns5": "no_pic",
        "wrTxtAns5": "Дик Адвокат"
    },
    {
        "type": 1,
        "textQue": "Кто из этих футболистов выигрывал Лигу Чемпионов?",
        "slugQue": "pic_ligachamp",
        "comment": "",
        "slugDlg": "pic_cherishev",
        "slugCorAns": "no_pic",
        "txtCorAns": "Денис Черышев",
        "wrSlgAns1": "no_pic",
        "wrTxtAns1": "Игорь Акинфеев",
        "wrSlgAns2": "no_pic",
        "wrTxtAns2": "Валерий Карпин",
        "wrSlgAns3": "no_pic",
        "wrTxtAns3": "Александр Мостовой",
        "wrSlgAns4": "no_pic",
        "wrTxtAns4": "Роман Павлюченко",
        "wrSlgAns5": "no_pic",
        "wrTxtAns5": "Павел Погребняк"
    },
    {
        "type": 1,
        "textQue": "Кто из этих футболистов играл и за Зенит, и за Динамо?",
        "slugQue": "mt_din_zen",
        "comment": "",
        "slugDlg": "mt_din_zen",
        "slugCorAns": "no_pic",
        "txtCorAns": "Александр Кокорин",
        "wrSlgAns1": "no_pic",
        "wrTxtAns1": "Александр Анюков",
        "wrSlgAns2": "no_pic",
        "wrTxtAns2": "Роман Широков",
        "wrSlgAns3": "no_pic",
        "wrTxtAns3": "Роман Павлюченко",
        "wrSlgAns4": "no_pic",
        "wrTxtAns4": "Дмитрий Тарасов",
        "wrSlgAns5": "no_pic",
        "wrTxtAns5": "Дмитрий Аленичев"
    },
    {
        "type": 1,
        "textQue": "Кто из этих футболистов играл и за Зенит, и за ЦСКА?",
        "slugQue": "mt_zen_cska",
        "comment": "",
        "slugDlg": "mt_zen_cska",
        "slugCorAns": "no_pic",
        "txtCorAns": "Юрий Жирков",
        "wrSlgAns1": "no_pic",
        "wrTxtAns1": "Николас Ломбертс",
        "wrSlgAns2": "no_pic",
        "wrTxtAns2": "Олег Шатов",
        "wrSlgAns3": "no_pic",
        "wrTxtAns3": "Жулиано",
        "wrSlgAns4": "no_pic",
        "wrTxtAns4": "Роберт Мак",
        "wrSlgAns5": "no_pic",
        "wrTxtAns5": "Сергей Петров"
    },
    {
        "type": 1,
        "textQue": "Кто этот футболист?",
        "slugQue": "sm_zobnin",
        "comment": "",
        "slugDlg": "sm_zobnin",
        "slugCorAns": "no_pic",
        "txtCorAns": "Роман Зобнин",
        "wrSlgAns1": "no_pic",
        "wrTxtAns1": "Данил Пруцев",
        "wrSlgAns2": "no_pic",
        "wrTxtAns2": "Павел Мелешин",
        "wrSlgAns3": "no_pic",
        "wrTxtAns3": "Срджан Бабич",
        "wrSlgAns4": "no_pic",
        "wrTxtAns4": " Никита Чернов",
        "wrSlgAns5": "no_pic",
        "wrTxtAns5": "Михаил Игнатов"
    },
    {
        "type": 1,
        "textQue": "Кто этот футболист?",
        "slugQue": "cska_akinfeev",
        "comment": "",
        "slugDlg": "cska_akinfeev",
        "slugCorAns": "no_pic",
        "txtCorAns": "Игорь Акинфеев",
        "wrSlgAns1": "no_pic",
        "wrTxtAns1": "Игорь Дивеев",
        "wrSlgAns2": "no_pic",
        "wrTxtAns2": "Владислав Тороп",
        "wrSlgAns3": "no_pic",
        "wrTxtAns3": "Илья Помазун",
        "wrSlgAns4": "no_pic",
        "wrTxtAns4": "Николай Баровский",
        "wrSlgAns5": "no_pic",
        "wrTxtAns5": "Вадим Конюхов"
    },
    {
        "type": 1,
        "textQue": "Кто этот футболист?",
        "slugQue": "zs_klaudino",
        "comment": "",
        "slugDlg": "zs_klaudino",
        "slugCorAns": "no_pic",
        "txtCorAns": "Клаудиньо",
        "wrSlgAns1": "no_pic",
        "wrTxtAns1": "Вильзон Изидор",
        "wrSlgAns2": "no_pic",
        "wrTxtAns2": "Густаво Мантуан",
        "wrSlgAns3": "no_pic",
        "wrTxtAns3": "Марио Фернандес",
        "wrSlgAns4": "no_pic",
        "wrTxtAns4": "Педро",
        "wrSlgAns5": "no_pic",
        "wrTxtAns5": "Вендел"
    },
    {
        "type": 1,
        "textQue": "Кто этот футболист?",
        "slugQue": "dm_tjukavin",
        "comment": "",
        "slugDlg": "dm_tjukavin",
        "slugCorAns": "no_pic",
        "txtCorAns": "Константин Тюкавин",
        "wrSlgAns1": "no_pic",
        "wrTxtAns1": "Александр Кутицкий",
        "wrSlgAns2": "no_pic",
        "wrTxtAns2": "Максим Александров",
        "wrSlgAns3": "no_pic",
        "wrTxtAns3": "Даниил Лесовой",
        "wrSlgAns4": "no_pic",
        "wrTxtAns4": "Александр Чупаев",
        "wrSlgAns5": "no_pic",
        "wrTxtAns5": "Курбан Расулов"
    },
    {
        "type": 1,
        "textQue": "Кто этот футболист?",
        "slugQue": "lm_barinov",
        "comment": "",
        "slugDlg": "lm_barinov",
        "slugCorAns": "no_pic",
        "txtCorAns": "Дмитрий Баринов",
        "wrSlgAns1": "no_pic",
        "wrTxtAns1": "Максим Ненахов",
        "wrSlgAns2": "no_pic",
        "wrTxtAns2": "Алексей Батраков",
        "wrSlgAns3": "no_pic",
        "wrTxtAns3": "Тимур Сулейманов",
        "wrSlgAns4": "no_pic",
        "wrTxtAns4": "Владислав Сарвели",
        "wrSlgAns5": "no_pic",
        "wrTxtAns5": "Илья Лантратов"
    },
    {
        "type": 1,
        "textQue": "Кто этот футболист?",
        "slugQue": "kr_smolov",
        "comment": "",
        "slugDlg": "kr_smolov",
        "slugCorAns": "no_pic",
        "txtCorAns": "Федор Смолов",
        "wrSlgAns1": "no_pic",
        "wrTxtAns1": "Сергей Петров",
        "wrSlgAns2": "no_pic",
        "wrTxtAns2": "Юрий Дюпин",
        "wrSlgAns3": "no_pic",
        "wrTxtAns3": "Станислав Агкацев",
        "wrSlgAns4": "no_pic",
        "wrTxtAns4": "Александр Черников",
        "wrSlgAns5": "no_pic",
        "wrTxtAns5": "Александр Кокшаров"
    },
    {
        "type": 1,
        "textQue": "Кто является бессменным президентом и владельцем Краснодара?",
        "slugQue": "logo_krasnodar",
        "comment": "Сергей Галицкий является президентом и владельцем Краснодара с момента основания клуба",
        "slugDlg": "logo_krasnodar",
        "slugCorAns": "no_pic",
        "txtCorAns": "Сергей Галицкий",
        "wrSlgAns1": "no_pic",
        "wrTxtAns1": "Павел Пивоваров",
        "wrSlgAns2": "no_pic",
        "wrTxtAns2": "Николай Толстых",
        "wrSlgAns3": "no_pic",
        "wrTxtAns3": "Валерий Бубнов",
        "wrSlgAns4": "no_pic",
        "wrTxtAns4": "Арам Фундукян",
        "wrSlgAns5": "no_pic",
        "wrTxtAns5": "Аслан Засеев"
    },
    {
        "type": 1,
        "textQue": "Кто является спортивным талиманом Зенита?",
        "slugQue": "logo_zenit",
        "comment": "",
        "slugDlg": "mas_zenit",
        "slugCorAns": "no_pic",
        "txtCorAns": "Лев",
        "wrSlgAns1": "no_pic",
        "wrTxtAns1": "Сокол",
        "wrSlgAns2": "no_pic",
        "wrTxtAns2": "Дельфин",
        "wrSlgAns3": "no_pic",
        "wrTxtAns3": "Тигр",
        "wrSlgAns4": "no_pic",
        "wrTxtAns4": "Медведь",
        "wrSlgAns5": "no_pic",
        "wrTxtAns5": "Пингвин"
    },
    {
        "type": 2,
        "textQue": "На каком стадтоне был сыгран финал Чемпионата Мира по футболу 2018?",
        "slugQue": "pic_wc2018",
        "comment": "",
        "slugDlg": "std_lujniki",
        "slugCorAns": "std_lujniki",
        "txtCorAns": "Лужники",
        "wrSlgAns1": "std_nizhnov",
        "wrTxtAns1": "Нижний Новгород",
        "wrSlgAns2": "std_spartak",
        "wrTxtAns2": "Лукойл Арена",
        "wrSlgAns3": "std_krasnodar",
        "wrTxtAns3": "Краснодар",
        "wrSlgAns4": "std_rzd",
        "wrTxtAns4": "РЖД Арена",
        "wrSlgAns5": "std_vtb",
        "wrTxtAns5": "ВТБ Арена"
    },
    {
        "type": 1,
        "textQue": "На слиянии каких рек находится домашний стадион Пари НН?",
        "slugQue": "std_nizhnov",
        "comment": "",
        "slugDlg": "std_nizhnov",
        "slugCorAns": "no_pic",
        "txtCorAns": "Волга и Ока",
        "wrSlgAns1": "no_pic",
        "wrTxtAns1": "Волга и Обь",
        "wrSlgAns2": "no_pic",
        "wrTxtAns2": "Волга и Кама",
        "wrSlgAns3": "no_pic",
        "wrTxtAns3": "Волга и Аргунь",
        "wrSlgAns4": "no_pic",
        "wrTxtAns4": "Волга и Иртыш",
        "wrSlgAns5": "no_pic",
        "wrTxtAns5": "Волга и Дон"
    },
    {
        "type": 1,
        "textQue": "Наивысшее достижение сборной России на чемпионатах Европы?",
        "slugQue": "flg_russia",
        "comment": "",
        "slugDlg": "flg_russia",
        "slugCorAns": "no_pic",
        "txtCorAns": "3 место",
        "wrSlgAns1": "no_pic",
        "wrTxtAns1": "2 место",
        "wrSlgAns2": "no_pic",
        "wrTxtAns2": "4 место",
        "wrSlgAns3": "no_pic",
        "wrTxtAns3": "Четвертьфинал",
        "wrSlgAns4": "no_pic",
        "wrTxtAns4": "Групповой этап",
        "wrSlgAns5": "no_pic",
        "wrTxtAns5": "1/8 финала"
    },
    {
        "type": 1,
        "textQue": "От какой сборной пропустил курьезный гол Игорь Акинфеев на ЧМ-2014?",
        "slugQue": "pic_cm2014",
        "comment": "",
        "slugDlg": "pic_cm2014",
        "slugCorAns": "no_pic",
        "txtCorAns": "Южная Корея",
        "wrSlgAns1": "no_pic",
        "wrTxtAns1": "Алжир",
        "wrSlgAns2": "no_pic",
        "wrTxtAns2": "Бельгия",
        "wrSlgAns3": "no_pic",
        "wrTxtAns3": "Япония",
        "wrSlgAns4": "no_pic",
        "wrTxtAns4": "Мексика",
        "wrSlgAns5": "no_pic",
        "wrTxtAns5": "Уэльс"
    },
    {
        "type": 1,
        "textQue": "Чья эта эмблема?",
        "slugQue": "logo_rubin_t",
        "comment": "",
        "slugDlg": "logo_rubin",
        "slugCorAns": "no_pic",
        "txtCorAns": "Рубин",
        "wrSlgAns1": "no_pic",
        "wrTxtAns1": "Ростов",
        "wrSlgAns2": "no_pic",
        "wrTxtAns2": "Ротор",
        "wrSlgAns3": "no_pic",
        "wrTxtAns3": "Сочи",
        "wrSlgAns4": "no_pic",
        "wrTxtAns4": "Акрон",
        "wrSlgAns5": "no_pic",
        "wrTxtAns5": "Ахмат"
    },
    {
        "type": 1,
        "textQue": "Чья эта эмблема?",
        "slugQue": "logo_ks",
        "comment": "",
        "slugDlg": "logo_ks",
        "slugCorAns": "no_pic",
        "txtCorAns": "Крылья Советов",
        "wrSlgAns1": "no_pic",
        "wrTxtAns1": "Факел",
        "wrSlgAns2": "no_pic",
        "wrTxtAns2": "Акрон",
        "wrSlgAns3": "no_pic",
        "wrTxtAns3": "Оренбург",
        "wrSlgAns4": "no_pic",
        "wrTxtAns4": "Пари НН",
        "wrSlgAns5": "no_pic",
        "wrTxtAns5": "Динамо Махачкала"
    },
    {
        "type": 1,
        "textQue": "Чья эта эмблема?",
        "slugQue": "logo_akron",
        "comment": "",
        "slugDlg": "logo_akron",
        "slugCorAns": "no_pic",
        "txtCorAns": "Акрон",
        "wrSlgAns1": "no_pic",
        "wrTxtAns1": "Ахмат",
        "wrSlgAns2": "no_pic",
        "wrTxtAns2": "Пари НН",
        "wrSlgAns3": "no_pic",
        "wrTxtAns3": "Ростов",
        "wrSlgAns4": "no_pic",
        "wrTxtAns4": "Рубин",
        "wrSlgAns5": "no_pic",
        "wrTxtAns5": "Динамо Махачкала"
    },
    {
        "type": 1,
        "textQue": "Чья эта эмблема?",
        "slugQue": "logo_khimki_t",
        "comment": "",
        "slugDlg": "logo_khimki",
        "slugCorAns": "no_pic",
        "txtCorAns": "Химки",
        "wrSlgAns1": "no_pic",
        "wrTxtAns1": "Ростов",
        "wrSlgAns2": "no_pic",
        "wrTxtAns2": "Рубин",
        "wrSlgAns3": "no_pic",
        "wrTxtAns3": "Ахмат",
        "wrSlgAns4": "no_pic",
        "wrTxtAns4": "Оренбург",
        "wrSlgAns5": "no_pic",
        "wrTxtAns5": "Крылья Советов"
    },
    {
        "type": 1,
        "textQue": "Кто стал серебряным призёром Кубка Америки 2024 в составе сборной Колумбии?",
        "slugQue": "pic_amer2024",
        "comment": "",
        "slugDlg": "dm_karraskal",
        "slugCorAns": "no_pic",
        "txtCorAns": "Хорхе Карраскаль",
        "wrSlgAns1": "no_pic",
        "wrTxtAns1": "Алексис Дуарте",
        "wrSlgAns2": "no_pic",
        "wrTxtAns2": "Кевин Андраде",
        "wrSlgAns3": "no_pic",
        "wrTxtAns3": "Хуниор Алонсо",
        "wrSlgAns4": "no_pic",
        "wrTxtAns4": "Хуан Боселли",
        "wrSlgAns5": "no_pic",
        "wrTxtAns5": "Николас Маричаль"
    }
]